gene	CON
GB44089	0
GB40008	0
GB55781	0
GB47976	0
GB47946	2
GB46705	0
GB51956	0
GB47470	0
GB55650	1
GB52098	2
GB52252	0
GB47452	0
GB44587	0
GB54468,GB49507	5
GB41196	0
GB40498	0
GB50114	0
GB43870	2
GB49951	0
GB54130	0
GB47938	0
GB50548	4
GB49929	0
GB52848	1
GB51673	3
GB44262	0
GB46325	0
GB51545	1
GB51405	0
GB53320	1
GB43214	4
GB46253,GB46253	2
GB51191	0
GB54884	2
GB42359	10
GB55490	0
GB41989	18
GB41850	1
GB42374	1
GB49432	0
GB51773,GB46836	0
GB45073	2
GB51344	1
GB53315	1
GB49187	1
GB53554,GB53558,GB53558	3
GB47009	0
GB41468	0
GB42489	0
GB48853	1
GB43459	2
GB51104	0
GB47628	0
GB41847	0
GB55143,GB41007	4
GB41119	0
GB52997	0
GB44685	1
GB53104	0
GB53929	8
GB42976,GB42975,GB42976	0
GB45260	2
GB40993	12
GB49601	1
GB40010	11
GB42022	1
GB55375	1
GB51276	0
GB44485	0
GB49872	0
GB41852	0
GB47688	0
GB46321	0
GB46736	0
GB44218	2
GB48972	0
GB46795	0
GB43611	0
GB41634	0
GB44213,GB52278	0
GB52613	0
GB48355	1
GB55591	0
GB49149	0
GB45823	0
GB44905	0
GB48693	0
GB52985	1
GB45281	0
GB51998	0
GB42495	0
GB40993,GB53008	1
GB49106	0
GB41745	0
GB51619,GB51619	1
GB44183	1
GB46140	0
GB54507	0
GB48515	8
GB49336	0
GB40140	0
GB52306	0
GB55538	0
GB45717	0
GB54912	0
GB53340	0
GB47581	12
GB49767	1
GB43771	0
GB52213,GB52213	3
GB42035	0
GB52621	0
GB53959	1
GB54235	1
GB42508	0
GB50923	0
GB55808	0
GB54777	0
GB41645	0
GB50498	0
GB47190	0
GB47879,GB47879	0
GB53909	0
GB50853	0
GB44673	0
GB40808	0
GB46270	0
GB46614	0
GB48825	0
GB54320	1
GB52574	0
GB49346	0
GB55020	0
GB48577	5
GB51360	0
GB47099	0
GB53517	2
GB52555,GB52555	0
GB51962	0
GB52590	6
GB45821	0
GB49491	1
GB54568	0
GB53412	7
GB50827	2
GB41884	0
GB53701	1
GB49172	0
GB50535	0
GB50852	0
GB42427	9
GB52238	0
GB43860	1
GB40251,GB40251	0
GB50378,GB50388	12
GB41287	0
GB51337	0
GB44959	1
GB40346	0
GB54530	0
GB53305	0
GB52001	2
GB53778	0
GB43173	0
GB54538	0
GB41332	1
GB55583,GB51769	0
GB45774	0
GB55888	2
GB43304	0
GB49171	0
GB55237,GB55237	0
GB45972	17
GB48795	0
GB53341	1
GB46564	0
GB41215	0
GB50690	0
GB51589	0
GB49767,GB55648,GB54069	4
GB41639	0
GB52168	4
GB48234	14
GB53269	0
GB48192	4
GB50969	0
GB44595	1
GB47098	0
GB51653	0
GB42014	0
GB42031	0
GB45101	0
GB42728	0
GB43462	0
GB48789	0
GB54177	2
GB55480,GB51897	0
GB50357	0
GB44341	0
GB47308	0
GB47829	0
GB46332	0
GB52472	0
GB49428	0
GB44092,GB47528	0
GB51255	1
GB48203	0
GB51036	0
GB43631	0
GB48994	0
GB51207	1
GB40689	2
GB52537	0
GB47680	0
GB40703	0
GB47118	1
GB53149	1
GB51596	0
GB44899	0
GB51660	1
GB43796	1
GB48204,GB48204	0
GB42984	0
GB46126	4
GB52536	0
GB52759	0
GB40452	0
GB48305	0
GB54288	0
GB40440	0
GB44210	14
GB44196	3
GB51019	0
GB50482	0
GB42246	0
GB51481	0
GB52650	3
GB51734	0
GB51542,GB51542	0
GB53064	0
GB54031	0
GB47459	0
GB40678	1
GB53787	0
GB50807	3
GB43718	1
GB46618	0
GB47808	0
GB42921	0
GB54939	0
GB49511	0
GB54998	0
GB51512	1
GB41803	0
GB45348	0
GB54477	0
GB44193	1
GB55911	1
GB54230	3
GB45612	0
GB51113,GB51113	0
GB45982	0
GB45114	0
GB42016	0
GB45373	0
GB46526,GB42007	6
GB55059	0
GB51692	0
GB52975	1
GB48556	0
GB40567	1
GB49517	0
GB55917	2
GB53133	0
GB44703	3
GB46925	0
GB42866	0
GB50406	1
GB44862,GB44862,GB44862	2
GB45530	0
GB48137	0
GB41888	1
GB50508,GB48687,GB50508	8
GB41052	9
GB41454	0
GB44305	1
GB49977	0
GB43158	0
GB47113	0
GB52280	0
GB42740	0
GB43077	2
GB52321	1
GB42496	0
GB50749	1
GB42804	0
GB40206	0
GB51041	0
GB42244	0
GB43978	0
GB41149,GB41149	4
GB53611	0
GB47568,GB42394	2
GB55457	2
GB49541	1
GB52192	15
GB52993	0
GB50593,GB50593,GB50593	0
GB45135,GB45135	10
GB43080	0
GB55764	2
GB48403,GB47348	12
GB53205	0
GB45259	1
GB47476	0
GB40134,GB40132,GB40132	18
GB41983	1
GB46045	5
GB55425	0
GB44523	2
GB54852	12
GB50286	1
GB43446	0
GB45472	0
GB52426	0
GB55495	0
GB41746	0
GB53145,GB53145	2
GB47422	0
GB44252	0
GB43743	0
GB48932	0
GB49730	0
GB43140	0
GB40350	0
GB49373	0
GB53821	0
GB52346	0
GB52417	0
GB51246	1
GB42762	6
GB43369	0
GB41681	0
GB45512	1
GB46478	0
GB52779	0
GB52708	0
GB43497	0
GB50219	0
GB42875	7
GB46689	0
GB55022	0
GB55574	0
GB41449	1
GB52907	1
GB42062	0
GB49045	8
GB50974	0
GB41893	4
GB51381	5
GB44759	1
GB53140,GB53140	0
GB45064	3
GB50295	12
GB46613	0
GB40880	0
GB47351	11
GB55822	0
GB43137	0
GB49933	0
GB44021	0
GB50113	0
GB55142	0
GB42455,GB42455	0
GB52189	0
GB55995	0
GB51985	1
GB47271	0
GB52661	1
GB51515	0
GB41177	0
GB52436	1
GB49644	0
GB44198	3
GB55904	1
GB50700	1
GB52435	1
GB51502,GB43039	0
GB55540	0
GB54805	0
GB44359	0
GB43203	0
GB43480	0
GB53388	0
GB50400	1
GB53670	0
GB42979,GB42979	1
GB43238	0
GB51792	0
GB53725	0
GB44532	0
GB47368	0
GB54534	1
GB43662	7
GB51399	0
GB42423	6
GB43935	1
GB41909	0
GB41596	6
GB47449	1
GB46490	1
GB53852	0
GB51895	0
GB55461	0
GB44416	0
GB47572	0
GB53970	3
GB47812	0
GB41714	1
GB54798	0
GB41747	2
GB47036,GB47036	0
GB52079	0
GB47807	1
GB50184	0
GB45724	0
GB41366	2
GB52563	12
GB44884	0
GB55787	0
GB54287	1
GB47179	0
GB53012	0
GB45937	0
GB53979	0
GB42616	12
GB40361	0
GB54910	0
GB51965	0
GB43839,GB43839	0
GB42646	1
GB54668,GB54668	0
GB45417	0
GB49111	0
GB43404,GB50225	9
GB41839	0
GB46242	0
GB49544	18
GB48113,GB48114	1
GB43456	2
GB52266	0
GB42751	0
GB53937	0
GB43216	2
GB42739	10
GB48775	0
GB54158	0
GB49859	4
GB55426	1
GB52947	0
GB45755	1
GB42735	0
GB47242	0
GB46599	0
GB50195	10
GB48625	2
GB52109	0
GB50635	0
GB49931	1
GB50660	0
GB48483	0
GB55378	1
GB49995	0
GB48523	0
GB42670	0
GB48639	1
GB40204	1
GB44808	0
GB54551,GB54502	2
GB42058	0
GB45905	0
GB44117	0
GB45881	0
GB45690	1
GB52457	1
GB48530	0
GB48399,GB42391	0
GB49197,GB49197	0
GB50345	0
GB43730	0
GB44650	1
GB47231	1
GB52589	7
GB44754	0
GB53284	1
GB53353	1
GB49388	0
GB49096	1
GB55658	0
GB40859	0
GB52541	1
GB55641,GB45533	2
GB40033	0
GB50395	0
GB42066	0
GB49844	0
GB41174	0
GB55751	0
GB47683	0
GB40280	1
GB40878	1
GB55002	4
GB51706	0
GB49921	0
GB44594	0
GB50204	0
GB54425	0
GB44933	1
GB54593	0
GB41507	0
GB51273	0
GB51852	1
GB43909	0
GB45970	11
GB42683,GB52566	1
GB51775	1
GB44330	3
GB45277	16
GB47414	0
GB48117	1
GB55225	1
GB54995	0
GB54893	0
GB41919,GB41921	3
GB40581,GB40581	0
GB51219	0
GB45442	7
GB44429	0
GB47138	0
GB51133	0
GB42967	3
GB50959	0
GB51544	0
GB40603	1
GB51511,GB51511	0
GB48426	0
GB48396	0
GB46691	0
GB42220	1
GB54700	0
GB53083	0
GB51953	1
GB49406	0
GB53690	0
GB44912	0
GB51612	0
GB50141	0
GB53073	3
GB41723	12
GB52328	0
GB55820	1
GB46016	0
GB43407	1
GB43945	0
GB52916	0
GB45968	0
GB48247	0
GB41900	0
GB43074	0
GB45623	0
GB54273	0
GB47961,GB41597	3
GB47437	0
GB51134	0
GB49642	2
GB42756	0
GB53963,GB50291	0
GB44414	0
GB53825	0
GB55715	0
GB54378	0
GB43239	1
GB55775	1
GB45212	0
GB54348	0
GB53306	6
GB55146	0
GB49438,GB49438	0
GB55826	2
GB44890	0
GB45762	0
GB54649	0
GB51748	0
GB53231	0
GB54780	1
GB54127	0
GB54921,GB54921	1
GB43465,GB41957	1
GB55770	0
GB48158	0
GB48463	8
GB51696	8
GB46731	0
GB45370	0
GB52304	0
GB46018	0
GB54119	0
GB43470	0
GB53865,GB53865,GB53865	1
GB53651	0
GB50246	0
GB45564	3
GB40657	0
GB47280	1
GB54269	0
GB48229	1
GB55578	1
GB44174	0
GB54885	0
GB42076	7
GB49290	3
GB40316	1
GB42925	1
GB45967	0
GB51702	0
GB43817	6
GB50133	0
GB52224	17
GB48347	0
GB55567	0
GB55579	0
GB55239	1
GB40803	0
GB45646	1
GB40893	0
GB53657	0
GB48923	0
GB42731	4
GB44648,GB44647	2
GB51120	0
GB45214	0
GB44881	0
GB45084	3
GB55244	0
GB54035	1
GB54213	1
GB50359	0
GB53606	0
GB50369	0
GB54664	0
GB44000	1
GB42977	0
GB41345	0
GB49680	1
GB51693	0
GB49480,GB49480	0
GB46693	0
GB50538	9
GB53122,GB53118,GB49568	2
GB43908	16
GB52086	16
GB54143,GB54143	0
GB41883	0
GB40420	0
GB51500	2
GB42401	0
GB54313	0
GB50605,GB50606	19
GB46982	2
GB52165	0
GB45001	0
GB49755	0
GB55272	0
GB49184	4
GB42138	1
GB40823	11
GB51130	1
GB40014	0
GB55164	0
GB53384	1
GB50997	0
GB44247	0
GB42619	16
GB48949	0
GB52249	0
GB42505	8
GB50224,GB50224	1
GB41423	0
GB55746	1
GB42054,GB42054	0
GB54206	1
GB51242	2
GB47208	6
GB44906	0
GB55913	0
GB42200	0
GB45958	7
GB42763	4
GB52567	0
GB50958	0
GB54198	0
GB40400	0
GB47428	0
GB53243	0
GB42773	0
GB40627	0
GB53396	0
GB48097	2
GB50415	0
GB55790	10
GB40310	2
GB46457	0
GB53089	0
GB51159	2
GB51348,GB51348	3
GB40017	0
GB55847	0
GB42844	0
GB55411	1
GB45479	0
GB53791,GB53791	0
GB43463	3
GB43093	2
GB48074	3
GB44885	1
GB53173	0
GB50743	0
GB44321	1
GB54053	0
GB55573	2
GB54216	0
GB45284	0
GB46739	0
GB48474	0
GB54225,GB54226,GB54226	0
GB41855	1
GB43881	0
GB52989	1
GB45873	0
GB44537	2
GB44067	1
GB49223	0
GB54389	0
GB46212	3
GB54625	0
GB43567	1
GB41424	0
GB55188	1
GB43685	0
GB51717	0
GB43556	0
GB44027	13
GB44433	0
GB41122	0
GB49320	0
GB52106	0
GB49325	0
GB54582	4
GB53740	3
GB46800	1
GB42325	1
GB41608	0
GB54751	2
GB54600	0
GB55618	0
GB44155	3
GB42352	0
GB43314	2
GB45156	0
GB52673	1
GB48261	1
GB49391	2
GB40676	0
GB41450	0
GB54592	9
GB50669	3
GB47894	1
GB45292	1
GB41601	1
GB41680	1
GB54176	0
GB48946	0
GB50419	0
GB52618	0
GB49800	2
GB51641	3
GB49419	1
GB48263	1
GB43163	0
GB51189	0
GB42201	0
GB41592	2
GB40774	0
GB51745	1
GB45388,GB51874	0
GB44709	1
GB44535	0
GB41356	10
GB55793,GB55793	0
GB40100	0
GB52453	0
GB42853	1
GB43276	1
GB50789	0
GB45360	0
GB53011	0
GB55854	0
GB41278,GB49900	2
GB50283,GB50283	13
GB51210	0
GB45355	2
GB49126	0
GB45138	0
GB42847,GB48093	0
GB41875	0
GB42894,GB42894	0
GB40203	1
GB52679	0
GB55907	4
GB48571	0
GB46301	2
GB53021	0
GB54609	1
GB40598	0
GB41226	11
GB40507	6
GB52432,GB54695	1
GB51355	1
GB40515	0
GB46251	0
GB48162	0
GB44510	0
GB40740	0
GB40540	0
GB55700	1
GB44481	0
GB48375	0
GB46487	2
GB47339	5
GB43189	8
GB43899	0
GB40818	0
GB48925	0
GB50971	0
GB41783	0
GB49150	0
GB53989	5
GB42548	1
GB47195	1
GB51940	1
GB48551	0
GB54843	0
GB51763	0
GB46271	0
GB44263	0
GB41378	5
GB48997	1
GB41629	0
GB55627	0
GB54680	0
GB54114	4
GB40263	1
GB41835	0
GB42579	0
GB55723	1
GB46886	1
GB42222	3
GB55973	2
GB43198	0
GB46262,GB46260,GB46262	0
GB53737	0
GB50171	0
GB52849	0
GB44029	0
GB41297	1
GB45195	1
GB55644	1
GB44758	0
GB55801	0
GB51422	1
GB54909	1
GB45142	0
GB55008,GB49845	3
GB44643	0
GB40845	0
GB42150	1
GB43857	0
GB41193	3
GB52171	2
GB42869,GB50987	6
GB55652	0
GB53974	1
GB55714	12
GB54263	0
GB41038	4
GB49426	1
GB43786	0
GB45694	0
GB47182	1
GB47632	4
GB43562	9
GB41869	2
GB43722	0
GB45229	1
GB41810	0
GB48101	0
GB47625,GB42004	1
GB47596,GB47596	0
GB44743	0
GB55352	0
GB50814	0
GB40025	0
GB44779	0
GB46362	0
GB51016,GB51016	5
GB51111	1
GB49026	0
GB50819	0
GB46114	0
GB47918,GB56032	4
GB45091	1
GB53540	0
GB51649	0
GB43338	1
GB48487	0
GB49459	1
GB44646	0
GB45819,GB42408,GB44278,GB44278,GB42409	21
GB45679	1
GB52212,GB52212	9
GB42152	1
GB55557	1
GB50525	1
GB41547	2
GB46509	0
GB44947	0
GB41804	5
GB47925	0
GB47468	6
GB53729	1
GB43234	0
GB41668	0
GB44896	0
GB48821	1
GB52084	0
GB47888	0
GB40075	1
GB43892	1
GB40706	0
GB45389	0
GB45693,GB45693	0
GB42942	0
GB51185	9
GB54803	1
GB49297	1
GB44216,GB44968,GB50868,GB54361	13
GB55492	0
GB41744	2
GB48658	0
GB42603,GB42808,GB42885	14
GB47391	0
GB48336	0
GB50104	0
GB49042	0
GB42484	3
GB47091	2
GB54169	0
GB50372	4
GB44624	12
GB48868	1
GB43855	0
GB41722	8
GB40414	0
GB42895	0
GB40916,GB46759	3
GB54959	1
GB52737	0
GB50854	0
GB54092	0
GB43160	1
GB40741	1
GB40341	0
GB44034	0
GB46963	1
GB53697	0
GB49193	0
GB41649	0
GB47204	0
GB43157	2
GB50909,GB50909	1
GB49537	9
GB42418	0
GB42669	1
GB47309	2
GB43874	0
GB54953	1
GB47950	1
GB41734	0
GB48031	0
GB43264	6
GB55645	12
GB41035	1
GB48001	0
GB40283	3
GB41544,GB41544	2
GB40016	0
GB40504	0
GB48254	0
GB44126	0
GB40977	0
GB53676	0
GB52253	0
GB55880,GB41941	2
GB41406	13
GB54246	0
GB46813	1
GB44649	1
GB44291	0
GB47970	0
GB52021	2
GB53343	8
GB41239	1
GB50769	3
GB41494	1
GB51812	9
GB48531	5
GB51045	0
GB54606	14
GB50161	2
GB53531,GB53570,GB53570	5
GB47418	0
GB45719	1
GB49084	0
GB48881	0
GB53976	0
GB50135	0
GB48422	0
GB48167	0
GB48573	6
GB44411	1
GB50949	0
GB41233	0
GB54137	6
GB46713	0
GB47889	1
GB48834	0
GB48232	1
GB50470	0
GB53605	0
GB47185	0
GB54723	1
GB52077	1
GB47963	2
GB43185	1
GB55837,GB55837	0
GB41775	0
GB42814	0
GB55675	0
GB53713	0
GB45266	3
GB49941	0
GB44062	0
GB53802	0
GB42835	6
GB53721	0
GB49108	0
GB40763	0
GB40672	0
GB45179	5
GB52010	0
GB49804	1
GB52526	0
GB48339	0
GB50038	0
GB50101	1
GB55381	1
GB50212	18
GB42037	0
GB49174	1
GB55015	0
GB53859	2
GB51705	11
GB41740,GB41740	0
GB49489	0
GB48601	0
GB40028	1
GB43736	0
GB49567,GB49564	0
GB50421	0
GB53710	1
GB40928	19
GB53616	0
GB50695	0
GB53036	0
GB45009	0
GB55766	2
GB50020	0
GB46879	0
GB53956	1
GB46217	0
GB53262	0
GB46751	1
GB50947	0
GB48061	0
GB45758,GB53875	0
GB44762	0
GB47239	0
GB43220	0
GB52144	3
GB40357	0
GB54109	0
GB54602	0
GB44445	0
GB50650	0
GB48425	2
GB48665,GB48665	0
GB47746	0
GB40908	0
GB41444	0
GB46563	1
GB41465	0
GB41165	0
GB47615	0
GB44009	0
GB51035	0
GB44602	2
GB49686	0
GB42493	3
GB49409	0
GB46818	0
GB43917	2
GB45686	0
GB49366	1
GB45536	0
GB49911	0
GB45150	0
GB54773	0
GB47281	0
GB42236	2
GB51391	2
GB47466	0
GB45272	0
GB44061	2
GB44679	0
GB47269	0
GB44065	2
GB54906	0
GB54260,GB54260	1
GB50837	0
GB41860	0
GB51060	0
GB52611	0
GB54716,GB49620	1
GB55936	0
GB43439	2
GB42414	0
GB46724	0
GB41694	0
GB46696,GB46966,GB46966	0
GB46510	0
GB46035	0
GB44338	0
GB54395	0
GB51715	1
GB55292	0
GB53357	0
GB40594	4
GB52601	1
GB52701	0
GB40565	2
GB51124	1
GB40453	0
GB53592	2
GB50150	0
GB55523	0
GB52198	0
GB54774,GB54774	0
GB53662	1
GB45932	1
GB45760	0
GB41836	0
GB43178	0
GB52592	5
GB47039	0
GB55323	0
GB42183	1
GB49298	0
GB49246	0
GB45776	9
GB41246,GB41246	3
GB46344	0
GB55362	1
GB45351	3
GB43467	0
GB41288	2
GB44538	1
GB45735	12
GB47254	0
GB46594	0
GB45225	0
GB54738	0
GB55486	0
GB54987	0
GB49947	1
GB49985	0
GB44573	0
GB46479	0
GB53688	1
GB45683	0
GB46047	5
GB41347	0
GB54366	5
GB47844	0
GB46196	0
GB51221	0
GB45378	0
GB53798	20
GB43123,GB43123	12
GB47249	0
GB45300	0
GB46070	0
GB54531,GB54533	0
GB53066	3
GB47589	0
GB53647	0
GB49186	0
GB54657	0
GB50459	1
GB48589,GB51445	1
GB43186	1
GB49301	0
GB52114,GB52114	1
GB43901	0
GB42360,GB43747	0
GB40405	1
GB46745	5
GB54758	0
GB41117	1
GB45014	0
GB44940	0
GB43618	0
GB45106	1
GB41305	1
GB53339	1
GB41609	0
GB54204	9
GB49468	0
GB49080,GB51901	15
GB44798	0
GB42241	0
GB53009,GB49239,GB47762	13
GB40802	1
GB40744	0
GB45557	0
GB46894	1
GB44550	0
GB50943	0
GB46342	6
GB54718	0
GB47633	1
GB46878,GB46878	2
GB49268	4
GB44060	6
GB45155	0
GB49556	0
GB45029	0
GB46700	8
GB54338	5
GB52291	9
GB43707	0
GB54496	2
GB47201	1
GB46593	2
GB41076	0
GB49322	0
GB53530	7
GB54505	0
GB47477	1
GB44934	0
GB45517	0
GB55033	0
GB55525	2
GB45120	0
GB43983,GB43983	1
GB45235	0
GB51613	0
GB44551	1
GB44554	0
GB55631	1
GB46579	3
GB45502	1
GB47732	0
GB51385	2
GB48007	0
GB53934	0
GB46877	0
GB52988	0
GB45107	0
GB43579	0
GB51847	0
GB48940	0
GB47307	0
GB45395	3
GB51591,GB51591	0
GB52691,GB54193	5
GB40719	9
GB54775	0
GB47667	2
GB55280	2
GB45054	0
GB53708	0
GB46091	1
GB54702	1
GB55967	0
GB49646	12
GB43261	0
GB52741	0
GB45566	0
GB49778,GB40327	0
GB47744	0
GB54271	3
GB50048	0
GB45478	1
GB42846	0
GB42933	0
GB54222	1
GB48102	0
GB50370	0
GB45173	0
GB43448	0
GB50767	2
GB47405	0
GB51218	22
GB52025	9
GB41998	9
GB53034	0
GB53794	0
GB51633,GB51633	0
GB46873	2
GB53300	0
GB45005	1
GB47277	0
GB41400	0
GB44373	0
GB49444	6
GB51062	1
GB50705	2
GB48685,GB50292	0
GB41448	0
GB49794	1
GB45453	5
GB40495	5
GB40021	6
GB55475	0
GB48675	1
GB44927	0
GB53614	0
GB40671	2
GB50681	0
GB49107	1
GB50274	0
GB48643	0
GB40500	0
GB51066	2
GB46786	0
GB52746	0
GB43213	1
GB49570	1
GB48030,GB46377	3
GB53172	0
GB45051	0
GB52980	0
GB46065	1
GB41312	1
GB42327	0
GB41069	0
GB40971	0
GB49961	0
GB44804	1
GB55848	1
GB42660	0
GB52349	0
GB44541	0
GB47425	0
GB46653	0
GB55279	4
GB44972	3
GB54556	0
GB53671	0
GB44316	1
GB42675,GB42675	1
GB43602	0
GB49990	0
GB40411	18
GB49651	1
GB45662	0
GB54699	2
GB44037	0
GB46450	1
GB43897	2
GB46539	1
GB41908	1
GB49613	0
GB54422	0
GB51794	1
GB51257	0
GB49324	0
GB54715	0
GB45809,GB45809	0
GB40904	2
GB44581	0
GB55350	0
GB41688	0
GB46102	0
GB43159	2
GB48434	0
GB41798	0
GB55527	0
GB48489	3
GB47779	0
GB50160,GB50160	0
GB42884	0
GB41659	0
GB55147	0
GB42959,GB42958	7
GB55809,GB50017	0
GB41250	2
GB50043,GB50043	0
GB46069	0
GB55067	4
GB49275,GB49273	17
GB41974	0
GB44350	0
GB41910	0
GB40123	4
GB52307	7
GB42750	2
GB52473	1
GB42567	2
GB46012	0
GB54543	0
GB46429	1
GB53042	0
GB52008	1
GB40149	0
GB43119	0
GB50941	0
GB45815	2
GB45207	1
GB42674	0
GB43391	4
GB49969	0
GB55148	0
GB52091	0
GB49652	0
GB43719	1
GB47841	2
GB49688	3
GB44614	1
GB53163	6
GB45228	0
GB52316	0
GB44999	0
GB42856	0
GB48509	4
GB49235	0
GB40670	0
GB55846	5
GB51486	0
GB54658	2
GB43889	0
GB43954	1
GB41844	0
GB42949	0
GB45518	0
GB55366	2
GB40901	0
GB54325	1
GB41094,GB41094	8
GB47748	0
GB45140	0
GB46036	0
GB45926	4
GB48847	0
GB46431	0
GB50521,GB50521	5
GB41874	9
GB44687	1
GB50491	0
GB50911	1
GB46165	0
GB44114,GB47820	3
GB41825	1
GB45777,GB48385	12
GB50640	0
GB51638	2
GB49534,GB49534	0
GB44516	3
GB44661,GB44455	0
GB47488,GB46971	18
GB47334	0
GB52651	1
GB44533	0
GB47876	0
GB50261	0
GB55074	0
GB49478	0
GB46746	10
GB53846	1
GB48386	0
GB44082	0
GB45273	11
GB45278	19
GB40287	19
GB44223	0
GB49870	1
GB50303	0
GB51264	14
GB48809	0
GB46436	0
GB47440	0
GB49309	1
GB47018,GB47018,GB47018	0
GB43000,GB43000	0
GB45072	8
GB50105	0
GB41136	0
GB54083	0
GB50730	0
GB49050	0
GB45713,GB45708	0
GB54332	3
GB52503	0
GB45363	0
GB55985	1
GB47081	1
GB44742	1
GB42224	1
GB43171	0
GB46684	0
GB41876	0
GB41864	4
GB43149	3
GB50237	0
GB49089	0
GB52676	0
GB40282	3
GB51015	2
GB44347	1
GB40788	5
GB48938	6
GB47549	1
GB51912	1
GB52619,GB43636	1
GB43475	11
GB44690	0
GB42436	0
GB51967	2
GB46621	0
GB40563,GB55130	1
GB44031	6
GB51237	10
GB48889,GB48889	0
GB48786	0
GB44307	0
GB55757	9
GB50245	6
GB54627	1
GB45463,GB45463,GB54870	0
GB46973	1
GB50960	1
GB49528	1
GB54622	0
GB40580	0
GB49906	0
GB54124	7
GB54493	0
GB49037	0
GB55896	0
GB54522	0
GB50586	0
GB45067	0
GB51431	0
GB54742	0
GB47102	0
GB48360	1
GB49579	5
GB47230	0
GB54436	2
GB44387,GB44387	0
GB44295	0
GB45568	4
GB43122	0
GB51828	1
GB45349	0
GB45343	1
GB45052	1
GB41156	3
GB50244	1
GB44353	0
GB46627	1
GB52247	1
GB54428	10
GB45126	0
GB43561	1
GB48055	7
GB49896	2
GB41902	0
GB43052	0
GB44176	0
GB42854	2
GB42063	1
GB47106	0
GB42559	0
GB54242,GB54242	0
GB48160	0
GB50178	7
GB48370	0
GB52948	2
GB49590	0
GB55359	0
GB40217	0
GB52158	1
GB47194	0
GB44570,GB45484	16
GB41487	1
GB40863	1
GB44592	0
GB45297	0
GB52797	0
GB55056	1
GB45031	0
GB42501	0
GB44900	0
GB50537	4
GB50777	0
GB52557	2
GB42783	3
GB55333	0
GB42211	0
GB51525	0
GB46290	0
GB54809	0
GB51836	0
GB53949	0
GB55704	0
GB46908	0
GB48266	1
GB53376	0
GB41819	0
GB48596	0
GB49505	2
GB44199,GB44199	1
GB55387	0
GB42892	4
GB47962	2
GB55765	9
GB51749	1
GB53237	0
GB45457	0
GB42215	5
GB54784	0
GB50157	1
GB45194	1
GB50126	1
GB46300	0
GB50069	0
GB53944	0
GB47942	6
GB47350	1
GB49190	0
GB52012	2
GB44982	5
GB47177	1
GB50493	7
GB45133	0
GB45413	0
GB43715	19
GB48125	0
GB54391	1
GB45695	0
GB53598	2
GB40944	0
GB47429	4
GB49527	2
GB42960	1
GB44315	0
GB45663	4
GB44412	0
GB41188	2
GB53323	0
GB50871	1
GB49612	0
GB55403	1
GB55274	15
GB44072	0
GB54214	0
GB51505	1
GB55940	0
GB40437	4
GB49327	17
GB42651	0
GB49494	1
GB46339	0
GB54989	0
GB53035	1
GB43366	0
GB54994	0
GB51333	0
GB47737	2
GB44682	0
GB51063	0
GB54239	0
GB45555	0
GB52978	3
GB41294	0
GB55660	0
GB45875	17
GB44611	0
GB44293	1
GB48684	0
GB41171	13
GB47503	0
GB47846	0
GB43435	2
GB45525,GB45524,GB44248	1
GB50506	0
GB52195	2
GB43637	0
GB51580	1
GB52704	0
GB41693	0
GB42487	0
GB46042	0
GB48337	0
GB44121	3
GB43113	0
GB50367	1
GB52498	2
GB55485	7
GB44099	3
GB50071	1
GB49120	0
GB42450	0
GB43162	1
GB46685	2
GB44636	0
GB50352	3
GB48746	6
GB43738	6
GB42652	0
GB45175	0
GB46523	0
GB46692	9
GB52045	1
GB40867,GB40947,GB40867	3
GB51354	0
GB42451	0
GB44436	0
GB48066,GB48782	9
GB46189	0
GB43551	0
GB47329	1
GB48678	2
GB46512	0
GB53251	0
GB47387	1
GB47423	2
GB51885	2
GB47250	0
GB42358	1
GB53654	0
GB49486	1
GB46672	1
GB49604	1
GB45872	1
GB45684	3
GB41036	0
GB41982	0
GB47222	0
GB43015	0
GB48199	1
GB45128	0
GB47471	11
GB49525	1
GB49841	2
GB51999	1
GB51738	0
GB44590	5
GB50891	0
GB50039	1
GB49909	1
GB50190	0
GB52627	0
GB47300	14
GB50802	0
GB54111	3
GB48416	1
GB48237	0
GB55489,GB55489	0
GB52588	0
GB54789	0
GB44163	1
GB41261	3
GB50511	0
GB43087	0
GB49966	6
GB43411	0
GB40674	0
GB51726	3
GB45923	0
GB55299	0
GB44534	0
GB53788	0
GB47076	0
GB50290	0
GB53166	9
GB48456	0
GB48075	2
GB40363	1
GB44333	2
GB45180	9
GB45425	0
GB40766	0
GB48873	0
GB51560	0
GB47413,GB47413	0
GB51093	0
GB47189	0
GB49701	1
GB50471	1
GB47556	6
GB44410	0
GB50015	1
GB41867	0
GB55877,GB55877	3
GB48692	0
GB43256	0
GB44327	2
GB42551	1
GB50031	0
GB55893	0
GB54190	0
GB45314	2
GB47260	0
GB55930	4
GB43697	0
GB44325	0
GB52047	1
GB54935	10
GB44175	0
GB53782	0
GB50281	0
GB40999	1
GB54144	2
GB47042	6
GB45778	4
GB47043	3
GB46773,GB40332	0
GB49169	11
GB45985	2
GB45487	1
GB44757	0
GB46972	0
GB45534	0
GB55390	13
GB49456	1
GB52929	0
GB55971	1
GB40335	1
GB52360	3
GB42534	1
GB42023	0
GB50418	9
GB55537	0
GB50748	4
GB40577	0
GB52785	0
GB47007	0
GB42945	1
GB41304	0
GB47232	1
GB54608	5
GB49330	0
GB42096	1
GB49622	0
GB41211	0
GB44526	0
GB53700	0
GB48539	0
GB42747	0
GB46640	5
GB41397	0
GB52904	0
GB53045,GB53043	1
GB49130	0
GB40201,GB40191,GB40184,GB40197,GB40200,GB40186,GB47122,GB40184,GB47122,GB47121,GB40194,GB40196,GB40193,GB40197,GB40183,GB40187,GB40192,GB46573,GB47122	28
GB43107,GB43108	3
GB45495,GB40976	5
GB45618,GB45618	7
GB43549	1
GB50648	2
GB41704	0
GB44156	2
GB54145	0
GB43079	4
GB42454	0
GB41463,GB41464	0
GB48608	2
GB43277	4
GB49315	0
GB42020	0
GB50741	10
GB50812	2
GB41281	0
GB48469	0
GB48563	0
GB43984,GB45309	2
GB41212,GB53028,GB40624,GB49394	22
GB48557	1
GB40064	2
GB42848	1
GB52427	2
GB52282	0
GB41856	0
GB54986	0
GB40076	1
GB40980	0
GB52423	0
GB41315	2
GB44285	0
GB49967	1
GB49152	0
GB45776,GB45776	17
GB51634	0
GB49466	0
GB42732	1
GB45733	0
GB51968	0
GB41002,GB41003	5
GB42313	0
GB52825	0
GB53333	0
GB51751	2
GB40592,GB53981	0
GB46480	7
GB40274	1
GB48677	0
GB46360,GB46360	0
GB49124	0
GB55619	0
GB46609	0
GB48765	14
GB47984	13
GB42223	0
GB50409	0
GB55278	6
GB44579	1
GB53520	6
GB51494	0
GB49843	1
GB43487	1
GB50957	1
GB52953	0
GB46960	0
GB55505	0
GB47635	20
GB51040	0
GB46257	1
GB47235	2
GB51119	1
GB54261	2
GB50771	2
GB40158	2
GB43502	0
GB44222	2
GB55632	0
GB51198	2
GB49559	0
GB40816	1
GB43095	2
GB42190	0
GB44567	2
GB54881	0
GB53126	2
GB44936	0
GB49852	2
GB47278	3
GB52314	0
GB46273	1
GB55389	1
GB53862	2
GB52937	0
GB48122	0
GB43836	1
GB40693	1
GB53830	1
GB40654	0
GB52211	0
GB41827	1
GB40415	3
GB46048	0
GB41872	0
GB45345	2
GB51361	0
GB41451	0
GB48457	0
GB44187	0
GB51464	0
GB49571	0
GB48526	1
GB41840	11
GB51819	8
GB52052	3
GB42817	2
GB42865	0
GB50065	17
GB43622	0
GB46322	0
GB50932	1
GB51000,GB51000	0
GB49349	0
GB42721	1
GB49098	0
GB45071	0
GB44828	0
GB40466,GB40466	0
GB46929	1
GB49946	0
GB45868	0
GB51080	1
GB53812	0
GB55448	10
GB52597	13
GB44918	0
GB45127	0
GB40388	0
GB54590	3
GB46151	2
GB42295	0
GB50299	1
GB50146	1
GB54651	2
GB53683	1
GB46452	0
GB53685,GB53685	1
GB48378	0
GB41037	3
GB42297	1
GB50130	1
GB43831	0
GB55348	0
GB51938	3
GB54512	0
GB47435	0
GB47073	0
GB45692	1
GB54264	1
GB43441	0
GB45131	0
GB53199	0
GB55931	0
GB47838	0
GB51725	0
GB46054	1
GB49188	0
GB50653	6
GB53062	0
GB46918,GB50327	0
GB50365	0
GB43245	2
GB47451	2
GB48157	1
GB46954	15
GB40359	1
GB49533	2
GB49589	0
GB44961	0
GB43172	0
GB51655	0
GB51029	0
GB40704	0
GB50955,GB48208	13
GB55830	7
GB53607	0
GB53380	0
GB43293	0
GB53411	2
GB41590	1
GB50228	0
GB48532	1
GB41610	0
GB51058	19
GB53582,GB53582	0
GB40946	0
GB49146	1
GB54268	1
GB53148	3
GB54140	1
GB48817	0
GB45429	0
GB52722	0
GB40614	1
GB49518	0
GB53092	0
GB45341	1
GB45732	6
GB51209	0
GB40578	1
GB43191	0
GB44123	3
GB42167	5
GB44656	0
GB43953	1
GB47184	0
GB47461	0
GB51302	0
GB51833	6
GB46338	14
GB55006	0
GB42268	3
GB45392	0
GB53239	1
GB44371	0
GB44184	1
GB53196,GB53196	0
GB47847	0
GB52893	1
GB40765	1
GB50226	1
GB52926	19
GB45833	1
GB53849	0
GB43271	7
GB51190	3
GB47502	0
GB46240	1
GB53174	0
GB44168	12
GB45275	1
GB50259	0
GB50090	0
GB52559	0
GB45955	2
GB45213	0
GB41290	4
GB40545	0
GB43097,GB43098	0
GB54728	1
GB48598	0
GB43906	0
GB42515	0
GB45902	1
GB41713	3
GB49087	0
GB53029	1
GB44276	2
GB41753	1
GB42781	0
GB49054,GB43751	1
GB51744	1
GB51964	6
GB47379	1
GB46218	1
GB54354	2
GB46267	2
GB46371	1
GB54097	2
GB52456	0
GB47661	0
GB47768	0
GB46327	1
GB42196,GB49726	7
GB41342	0
GB49425	1
GB46728	0
GB48967	2
GB44073	0
GB42661	1
GB51541	0
GB51418	1
GB50262	5
GB44616	2
GB42919	1
GB55094,GB55094,GB55094,GB55094	0
GB43552	6
GB55784	9
GB42681	0
GB44331	0
GB47575	1
GB54201	3
GB52755	17
GB48467	0
GB53013	1
GB55743	1
GB44766,GB44766	9
GB44615	0
GB49074	0
GB45852	0
GB41173	2
GB44901	1
GB42716,GB55345	1
GB41024	0
GB52057	0
GB53308	1
GB47343	1
GB52388,GB52408	15
GB42425	15
GB49231	0
GB51599	0
GB48165	0
GB48452	0
GB53238	0
GB40711	0
GB51630	0
GB49396	2
GB55507	0
GB43145	1
GB55831	5
GB42771	0
GB44996	2
GB49117	14
GB48778	0
GB40273	0
GB49780	9
GB47110	0
GB48982	0
GB50619	1
GB51393	6
GB44364	0
GB48690	0
GB54282	1
GB49355	0
GB53682	2
GB46740	2
GB40479	0
GB46466	0
GB52325	2
GB55307	1
GB47061	0
GB45087	3
GB50972	0
GB40842	7
GB44010	1
GB47114	0
GB55506	0
GB42680	0
GB49584	0
GB45645	3
GB41195	3
GB44882	2
GB52845	0
GB47626	0
GB44319	1
GB49704	0
GB44910	0
GB41520,GB41521	1
GB42383	4
GB53378	0
GB50609	7
GB44507	0
GB44556	0
GB42143	0
GB55517	1
GB50442	0
GB53088	0
GB48024	0
GB41807	0
GB51338	2
GB42286	0
GB40866	0
GB44761	0
GB40118	1
GB51095	0
GB48951	1
GB51632	10
GB42744	2
GB44344	1
GB55096	0
GB54762	0
GB52037	0
GB50166	2
GB44943	3
GB50078	1
GB40907	0
GB42382	1
GB40427	0
GB45507	0
GB42855	2
GB55190	12
GB46542	0
GB40106	0
GB53665	2
GB41730	0
GB45361	1
GB55259	0
GB49883	0
GB54957	1
GB51148	2
GB55369	1
GB42516	0
GB51818	2
GB52244	4
GB54101	2
GB54337	1
GB52687	0
GB43200	1
GB49285	2
GB48623	0
GB52979	1
GB41164	0
GB42296	0
GB48669	1
GB51937	0
GB49869	0
GB45151	0
GB49269,GB49269	3
GB44078	1
GB47411	1
GB48262	1
GB44791,GB44791,GB44791	1
GB53033	1
GB54674	11
GB50973	9
GB44941	1
GB44850	1
GB47450	2
GB42021	0
GB42997	0
GB53295	0
GB52275	1
GB43963	2
GB55986	1
GB55890	0
GB45340	1
GB50626	0
GB51608	2
GB52751	1
GB50474	0
GB40925	3
GB45189	0
GB55575,GB43649	1
GB40909	0
GB49025	0
GB44548	13
GB55693,GB55693	1
GB45152	0
GB47151	2
GB55491	0
GB53768	1
GB54847	2
GB48836	0
GB51508	0
GB50897	0
GB50337	0
GB43270	4
GB40948	0
GB46023	0
GB40824	0
GB50132,GB48490	1
GB41651	0
GB49714,GB49714	2
GB53155	3
GB42841	0
GB54812	0
GB42354	1
GB52542	1
GB48046,GB41540	11
GB44271	1
GB52510	0
GB43805	14
GB47845	1
GB52992	4
GB45492	1
GB49749	0
GB55459	0
GB54918,GB54918	2
GB53753	1
GB54347	3
GB49943	1
GB50257	0
GB41811	2
GB51211,GB51211	1
GB55187	2
GB47736	2
GB45287	0
GB53289	0
GB55576	6
GB54571	0
GB49827	1
GB44288	1
GB54052	4
GB48661	0
GB55587	0
GB51504	3
GB54228	0
GB46304,GB46308	1
GB44848	0
GB45408	2
GB54731	4
GB54049	0
GB51441,GB51441	2
GB49558	2
GB55569	0
GB51698	11
GB55508	0
GB45655	0
GB48811	0
GB44048	0
GB49535,GB49535,GB46266	0
GB46231	0
GB55400	0
GB48521,GB48521	1
GB40853	0
GB41962	7
GB52576	1
GB43104	2
GB41701	0
GB53331	3
GB44880	1
GB43217	0
GB55919	1
GB50021	0
GB44770	0
GB40548	2
GB42159	10
GB50701	0
GB48367	1
GB53439	1
GB43295	7
GB53268	1
GB51817	3
GB49284	2
GB50526	2
GB56009,GB56009,GB56009	1
GB43676	0
GB46910	0
GB48326	1
GB48028	0
GB53936	4
GB50066	10
GB45952	3
GB48462	2
GB54574	2
GB40541	0
GB54050	3
GB41710	1
GB41032	1
GB44909	1
GB53793	2
GB52616	0
GB55521	1
GB41769	0
GB48112	1
GB49081	0
GB43192	1
GB40296	1
GB55665	1
GB48313	0
GB42920	0
GB41280	0
GB52724	9
GB42965	4
GB51694	0
GB44662	0
GB42494	0
GB54167	1
GB40343	2
GB49012	1
GB55054,GB55054	2
GB49076	0
GB54867,GB53933	4
GB51697	14
GB55929	1
GB44517	0
GB46709	0
GB55494	0
GB47393	2
GB44346	0
GB50527	1
GB51713	0
GB42564	2
GB52763	0
GB41182	0
GB48750	0
GB50877	1
GB42850	0
GB54927	0
GB48816	1
GB55622,GB55621	12
GB44829	0
GB48911	1
GB52569	7
GB48136	0
GB49637	0
GB43867	1
GB42156	1
GB52623	0
GB40480	0
GB44997	0
GB55624	0
GB52686	2
GB45436	0
GB42840	0
GB45879,GB47131	4
GB55302	1
GB52820,GB53324	5
GB46641	1
GB54599	1
GB44575	4
GB51995	3
GB54971	0
GB46788	11
GB55158	0
GB49004	6
GB51495	0
GB40637	13
GB53820	0
GB50921,GB56021	1
GB55112	0
GB41617	0
GB42606	3
GB55530	2
GB42249	0
GB54988,GB54988,GB51379	0
GB43687	7
GB40775	0
GB41738	1
GB49219	1
GB41455	0
GB54499	0
GB45184	0
GB41063	0
GB40804	1
GB42994,GB42994	0
GB45654	0
GB53147	1
GB50265	10
GB50364	0
GB51809	0
GB49056	4
GB53039	2
GB54152,GB54150	5
GB41735	0
GB46628	1
GB46580	1
GB41028	0
GB51893	0
GB52260	0
GB45296	0
GB50168	0
GB46791	16
GB40208	0
GB45825	1
GB44557	3
GB55659	0
GB45364	5
GB54735	7
GB40513	3
GB48626,GB53757	7
GB42943	3
GB54217	0
GB55493	1
GB47041	6
GB40871	1
GB51646	4
GB41372	0
GB51558	0
GB52739	0
GB42479	0
GB43553	0
GB40931	2
GB43737	1
GB41768	1
GB44883	1
GB52421	0
GB52793	1
GB49484,GB49484	1
GB42275	0
GB46241	1
GB42689	0
GB48691	0
GB52424	1
GB50045	1
GB53084	0
GB45459	0
GB47111	1
GB47660	0
GB49155	0
GB40364	2
GB41257	1
GB42656	0
GB51755	1
GB44259	0
GB53715,GB53714	4
GB44688	0
GB45017	0
GB55594	3
GB50672	0
GB50627	10
GB46661	12
GB43004	0
GB46296	1
GB46029	1
GB40074,GB40074	1
GB47285	0
GB55823	0
GB42271	1
GB45830	0
GB50750	1
GB43247	11
GB50725	1
GB51143	0
GB51117	2
GB52813	4
GB49548	15
GB41672	1
GB48720	1
GB49380	0
GB44149	2
GB49066	0
GB41427	1
GB50094	1
GB54818	0
GB51064	0
GB49634	0
GB54689	0
GB45794,GB45794	0
GB42822	1
GB45254	2
GB44366	0
GB46565	1
GB40424	4
GB49473	0
GB40531,GB40534	2
GB46211	0
GB46895	0
GB43226	1
GB42932	0
GB44419	1
GB42666	0
GB54351	1
GB55003	0
GB53389	0
GB40112	0
GB52677	1
GB43782	0
GB51110	3
GB40783	0
GB51112	2
GB54093	0
GB46694	1
GB50392	0
GB45761	1
GB41863	1
GB53319	6
GB44792	0
GB41141	1
GB49497	0
GB53836	0
GB54234	0
GB40319	0
GB43709	0
GB47548	2
GB51226	1
GB53650	1
GB52255	0
GB45939	2
GB40278	0
GB45215	1
GB48566	0
GB53414	2
GB46423	1
GB41621	8
GB54661	0
GB40269	1
GB45134	5
GB51465	0
GB54745	0
GB47573	0
GB44751	1
GB45318	0
GB41632	0
GB42203	0
GB45665	1
GB51816	10
GB54139	2
GB40923	1
GB44629	2
GB51813	10
GB52775	7
GB45086,GB47066	1
GB54975	1
GB48169	1
GB48993,GB48993	8
GB42186	1
GB55589	0
GB51421	0
GB51894	1
GB46636	0
GB43745	2
GB55853	3
GB43888	0
GB54170	6
GB54118	8
GB51223	6
GB55560	0
GB54623	0
GB52726	0
GB51671	0
GB48749	0
GB43820	0
GB50986	11
GB54372	0
GB54189	6
GB46173	0
GB49400	3
GB40029	1
GB46246	1
GB46710	5
GB50892	0
GB54794	4
GB47333	0
GB44146	2
GB41082	2
GB42207	0
GB44747	0
GB47869	3
GB43205	1
GB40975	0
GB55945	1
GB40407	8
GB49957	2
GB42973	3
GB52812	0
GB44208	0
GB44423	0
GB54056	1
GB52118	6
GB50625	0
GB51814	3
GB48838	3
GB47389	0
GB52469	0
GB49114	1
GB52983	1
GB53365	0
GB54172	0
GB51400	1
GB43555	1
GB55585	1
GB51984	1
GB54985	0
GB50175	0
GB52254	1
GB55476	0
GB47188	4
GB40356	1
GB47427	1
GB54666	1
GB53180	0
GB45198	0
GB44524	1
GB41065	1
GB45046	0
GB40503	1
GB43225	1
GB50866,GB50866	0
GB53142	0
GB44020,GB47607,GB45935	5
GB43812	1
GB49915	5
GB53666	1
GB44148	0
GB41169	1
GB45415	0
GB47960	0
GB49725	11
GB40451	1
GB49412	1
GB55287	4
GB41866	1
GB48006	9
GB45938,GB45973	10
GB45871	0
GB54886	1
GB49839	1
GB48124	0
GB43565	2
GB42277	3
GB50594	6
GB42969	1
GB51160	0
GB50232	0
GB45976	2
GB43912	0
GB45499	11
GB50229	2
GB55504	0
GB55268	1
GB55503	1
GB45028	3
GB46792	0
GB40799	3
GB53124	1
GB54363	0
GB44621	0
GB42304	0
GB51689	0
GB46927	4
GB49803	0
GB53351,GB46992	0
GB40768,GB40809	3
GB53589	0
GB45827	0
GB46892	1
GB44493	6
GB50829	0
GB49353	0
GB55802	9
GB54643	1
GB45315	1
GB41080	0
GB50553	0
GB46263	0
GB52877	0
GB40442	1
GB46216	1
GB53835,GB53833	0
GB45837	0
GB51834	9
GB41045,GB41045	0
GB44292	0
GB44008	0
GB53055	1
GB43856	0
GB50864	0
GB40365	12
GB40091	0
GB52074	0
GB42644	0
GB49953	0
GB51013	0
GB54091	2
GB40063,GB40063	0
GB53336	2
GB41127	0
GB46735	0
GB44944	0
GB52955	1
GB48034	0
GB55453	1
GB49270,GB49270	4
GB40652	0
GB43135	1
GB52910	2
GB41147	1
GB54511	2
GB48078	1
GB53926	6
GB47456	0
GB49488	4
GB53220	1
GB50207	2
GB45986	0
GB45486	0
GB42355	0
GB43885	14
GB52628	0
GB49227	0
GB42941	1
GB54861	0
GB47346	1
GB50348	0
GB49344	8
GB53379,GB50129	7
GB52706	1
GB50678	2
GB43305	0
GB42142	0
GB47665	2
GB55584	1
GB41343	0
GB49173,GB51647	2
GB47813	0
GB55388	3
GB50793	0
GB52340	5
GB42664	1
GB53093	3
GB51163	0
GB44283	2
GB52259	1
GB45145,GB45145	3
GB48223	1
GB45862	1
GB54526	1
GB54923	5
GB41472	0
GB40599	1
GB48536	0
GB40718	3
GB50159,GB43064	4
GB55916	1
GB50977	2
GB54835,GB54835	0
GB55090	0
GB46305	3
GB40941	0
GB51622	1
GB50460	0
GB48454	0
GB44041	0
GB50652	1
GB42898	3
GB53815	1
GB48813	0
GB44049	0
GB47055	2
GB46015,GB46062	3
GB55772	7
GB52056,GB52054	1
GB43420	1
GB48115	2
GB50638	1
GB50063	0
GB49372	1
GB46952,GB46952,GB46952	0
GB52153	1
GB49962	0
GB40555	0
GB45919	0
GB52028	2
GB49323	3
GB45666	0
GB44519	2
GB40874	0
GB44946	3
GB40720	0
GB44207	1
GB44904	1
GB51345	1
GB46124	6
GB44772	6
GB47064	1
GB53709	1
GB43575	1
GB52523	0
GB52261	0
GB40894	0
GB51805,GB51805	0
GB49362	1
GB44396	0
GB49276	2
GB42428	8
GB52875	0
GB47420	15
GB47417	0
GB41373	0
GB53438	5
GB51125	2
GB41985	3
GB52667	9
GB40626	0
GB45458	0
GB54802	0
GB44232	0
GB42819	1
GB47966	3
GB42210	1
GB53679	0
GB41447	0
GB50809	0
GB54842	0
GB52658	0
GB52723	0
GB54042	0
GB41293	0
GB48230	0
GB51496	0
GB41488	0
GB50024	6
GB45810	1
GB44515	1
GB47554	0
GB51845,GB51844	12
GB56027	1
GB40796	0
GB51728	0
GB55777	16
GB40911	0
GB51092	5
GB46847	1
GB47409	0
GB46615	0
GB42237	1
GB47512	0
GB42963	2
GB49354	1
GB44081	1
GB45929	1
GB49342	0
GB40381	8
GB54510	0
GB47460	0
GB55466	7
GB50334	0
GB52073	0
GB43153	0
GB41043	0
GB52104	4
GB47338	6
GB42346	1
GB53299,GB53299	0
GB51335	0
GB50967	2
GB40998	0
GB41358	2
GB49449	8
GB52973	1
GB43684	3
GB42604	2
GB46541	0
GB50041	1
GB43231	1
GB49033	1
GB48144	18
GB52798	1
GB49240	2
GB42889	0
GB54308	0
GB55544	0
GB55438	1
GB41886	2
GB55984	1
GB47496	0
GB43623	0
GB49514	4
GB44771	3
GB53751	2
GB41834	0
GB42110	0
GB41797	0
GB44745	0
GB46248	0
GB53712	2
GB47432	0
GB47751	0
GB41513	0
GB52097	0
GB46889	0
GB44004	2
GB52654	3
GB43130	0
GB48973	0
GB52729	0
GB53321	0
GB40342	3
GB45497	1
GB45298	0
GB54210	0
GB44543	0
GB44511	0
GB44832	9
GB44011	1
GB44865	0
GB40128	1
GB40838	5
GB46255	0
GB55921	6
GB50390	2
GB42024	0
GB49776	0
GB50675	0
GB49722,GB55730	4
GB49262	11
GB40162	0
GB40304	0
GB54474,GB54474	0
GB42983	0
GB47462	0
GB48745	1
GB50642	0
GB52756	3
GB48301	2
GB51762	0
GB49939	2
GB48406	1
GB43248	16
GB54295	2
GB48979	24
GB41417	0
GB41727,GB41727	0
GB54570	0
GB52322	0
GB40385	0
GB55864	3
GB43075,GB43076,GB51790,GB51799	19
GB52725	8
GB45316,GB45316	0
GB46464,GB44763	0
GB41391,GB54040	0
GB52075	0
GB46493	2
GB46335,GB41276	0
GB44555	0
GB55283	0
GB43834	0
GB50694	0
GB55383	0
GB40271	4
GB43121	2
GB41671	0
GB54598	1
GB55282	1
GB40967	0
GB49469,GB52902	0
GB42722	1
GB49684	0
GB42106	0
GB51949	1
GB45650	8
GB42837	0
GB44676,GB44676	0
GB50282	3
GB42216	2
GB43184	0
GB50108	0
GB50289	0
GB54841,GB54841,GB54841,GB54841,GB54841	2
GB48022	0
GB52614	2
GB49448	2
GB50622,GB50622	1
GB44513	7
GB45304	1
GB49242	0
GB52895	0
GB54722	1
GB45689	0
GB49304	1
GB45258	2
GB40166	2
GB41689	2
GB44079	0
GB51883	1
GB46903	2
GB46870	3
GB47079	1
GB47443	0
GB49481	1
GB45324	0
GB47652	2
GB52105	1
GB41625	0
GB54379	0
GB45673	0
GB47662	1
GB55331	2
GB51009	0
GB50801	1
GB43627	1
GB42212,GB42213	2
GB50142	2
GB53189	1
GB49495	9
GB41843	0
GB53565	0
GB47236	1
GB44179	0
GB44802	1
GB42367	0
GB52043	6
GB46007	1
GB55711,GB53601	3
GB41598	0
GB53426	1
GB54328	0
GB43379	0
GB52805	1
GB40392	3
GB55413	0
GB42671	0
GB48948	3
GB49020	2
GB49626	2
GB45882	1
GB43894	0
GB44597	0
GB46790	0
GB55872	0
GB49118	0
GB48871	1
GB42279	3
GB48667	8
GB48728	5
GB42262	1
GB40750	0
GB53137	4
GB49156	10
GB42306	3
GB44418	2
GB45667	1
GB45357	1
GB42356	1
GB53632	1
GB52736	0
GB49303	2
GB50779	0
GB50704	0
GB47330	1
GB52675	1
GB48475	20
GB55509	2
GB45153	0
GB44422	0
GB53394,GB53394	0
GB47500	0
GB40015	1
GB42802,GB42802	0
GB51723	2
GB54364	0
GB52183,GB52183	5
GB53659	1
GB53030	0
GB54938	1
GB49882	1
GB48270	2
GB45948	0
GB55434	0
GB45313,GB45313	2
GB49543,GB42343	1
GB55646	1
GB52462	2
GB40559	1
GB48837	1
GB50202	0
GB55979	7
GB46204,GB46204	0
GB53338	1
GB46039,GB52107	14
GB44440	0
GB46132	2
GB54182	5
GB51395	0
GB55334,GB55335	8
GB44601	3
GB48858,GB48858,GB48858	1
GB42872	0
GB54342	2
GB41602	1
GB40891	1
GB42577	0
GB44119	5
GB44653	1
GB47740	6
GB49382	1
GB53538	0
GB54252	1
GB43942	2
GB52801	0
GB55805	0
GB52595,GB52595	1
GB49711,GB49711	0
GB49650,GB49650	0
GB44735	1
GB47274	0
GB42648	2
GB44018	6
GB50745	0
GB51719	2
GB54037	2
GB43890	0
GB41795	0
GB54729	0
GB43980	0
GB44334	0
GB53916	0
GB50509	11
GB55039	8
GB44301	0
GB47302	13
GB51699	0
GB55811	0
GB53634	1
GB45738	0
GB48151	1
GB43453	0
GB54797	2
GB49032	1
GB41430	3
GB42525	0
GB55203	5
GB47516	0
GB46521	3
GB55701	1
GB47752	1
GB41661	0
GB42759	3
GB50198	1
GB49230	0
GB50197	0
GB48175	0
GB42738	0
GB55078	4
GB53580,GB53580	1
GB50849	0
GB41562,GB41562,GB54005,GB54005,GB53265	22
GB53532	3
GB52791	0
GB48188	1
GB50117	2
GB41751	4
GB49551	3
GB52913	8
GB46603	3
GB48937	3
GB52640	3
GB42764	3
GB44369	0
GB49738	2
GB53002	2
GB46507	0
GB42593	4
GB54377	1
GB45036	0
GB45528	0
GB44544	0
GB47973	0
GB49763	3
GB44296	0
GB46026	1
GB55367	0
GB47489	1
GB45038	1
GB41459	2
GB46177	5
GB44116,GB47527	1
GB46169,GB40710	1
GB50338	1
GB43377	5
GB53743,GB53743,GB53743,GB53743	21
GB41998,GB41999	19
GB44549	10
GB48209	5
GB48555	7
GB40771	7
GB40538	0
GB45722	1
GB55549	5
GB48341	6
GB41265	0
GB48330	8
GB51077	1
GB46752	0
GB47383	0
GB53516	10
GB45202	2
GB49255	0
GB46005	10
GB40543	1
GB41244	1
GB46422	1
GB52702	2
GB54557	0
GB45012	1
GB41794	1
GB45491	0
GB44888	1
GB52933	0
GB45969,GB46281	0
GB49596	1
GB41073	0
GB53313	0
GB44810	0
GB50287	0
GB46765	8
GB54678	4
GB45924	0
GB41016	2
GB40320	1
GB43543	0
GB51074	1
GB47349	0
GB42161,GB42161	1
GB46184	1
GB44086	3
GB45366	1
GB52210	0
GB47791,GB45779	1
GB47279	10
GB43464	1
GB47217	1
GB46511	2
GB54844	5
GB40843	0
GB42457	0
GB48059,GB48059	1
GB43526	0
GB49753	3
GB48976	2
GB43105	0
GB49949	0
GB44932	1
GB48790	0
GB54356	1
GB47082	2
GB51592	0
GB44383	1
GB41160	1
GB44457	0
GB49492	0
GB47295	0
GB46448	5
GB46118	0
GB46061	1
GB44935	3
GB47814	2
GB48883	0
GB48560	15
GB51493	3
GB47998	0
GB50621	1
GB50514	1
GB42420	0
GB52744	1
GB42701	3
GB53261	5
GB46757	0
GB40145	1
GB47495	1
GB44056	1
GB54165	0
GB46265	2
GB52718	0
GB45597	2
GB41230	2
GB54573	1
GB49099	2
GB53046	3
GB43292	5
GB43125	1
GB45015	3
GB44251	0
GB46516	1
GB48372	1
GB48628	0
GB54131	1
GB46597	3
GB49078	20
GB53783	17
GB42874	2
GB44913	0
GB47964	1
GB55071	0
GB44420	0
GB47599	0
GB42085,GB42085	0
GB52768	1
GB43938	0
GB47571	1
GB53001	3
GB54132	2
GB44521	3
GB51506	3
GB45651	2
GB40119,GB40119	1
GB52517	0
GB45125	1
GB51188	2
GB49608	0
GB52712	1
GB51797	5
GB44974	2
GB53250	0
GB43816	0
GB41781	1
GB44134	6
GB50473	4
GB46576	0
GB53288	0
GB41499	1
GB45876	3
GB43495	0
GB55976	0
GB41967	6
GB44421	16
GB48325	1
GB50091	0
GB45860	0
GB44220	21
GB45452	0
GB49768	4
GB40072	1
GB44124	1
GB47089	0
GB55959	2
GB52697	0
GB44342	6
GB49582	0
GB50443	4
GB40086	12
GB50177	0
GB55463	0
GB46679	10
GB50276	1
GB47539	0
GB55501	0
GB50447	1
GB48846	1
GB48533	2
GB50753	0
GB54684	1
GB46178	3
GB50180	0
GB51042	0
GB51644	0
GB46612	5
GB40888	2
GB41754	2
GB40784	2
GB42369	5
GB49936	0
GB52598	11
GB49973	7
GB52671,GB52671	0
GB40945	2
GB53954	0
GB45856	0
GB48806	5
GB46028	2
GB47057	9
GB51341	6
GB42596	2
GB54753	0
GB41865,GB41865	0
GB49621	13
GB55183	0
GB54314	1
GB43660,GB43660,GB43660	7
GB49047	0
GB54450	8
GB40935	0
GB41483,GB43022	2
GB42082	1
GB49657,GB49657	0
GB55875	3
GB40903	1
GB44138	1
GB43692	1
GB49452	1
GB48812	0
GB51144	2
GB45703	0
GB41266	1
GB47627	0
GB49363	1
GB46027	0
GB44074,GB44133,GB41707	16
GB40730	3
GB53617	3
GB44494	7
GB44486	0
GB40107	4
GB42426	16
GB41670	9
GB54353	0
GB45863	0
GB54589	0
GB40030	0
GB41979	0
GB45864	0
GB41759	1
GB43128,GB43127	14
GB43790	5
GB52429	0
GB55454	1
GB40610	1
GB50890,GB50890	3
GB50935	1
GB45490	0
GB50900,GB50900	2
GB51570	1
GB48170	0
GB44680	0
GB48638	0
GB47016	3
GB54928	0
GB40574	0
GB41232	1
GB48351,GB40568	1
GB46663,GB46663,GB43932	0
GB55779	3
GB43500	10
GB41445	0
GB47832	2
GB48251	0
GB44799	8
GB50497	1
GB49854	8
GB46419	1
GB44633	2
GB46159	18
GB42202	0
GB55092,GB48318	0
GB54267	3
GB52956	0
GB54806	1
GB55514	0
GB50154	0
GB44965	4
GB53962	1
GB51710	0
GB46120	0
GB49027	1
GB42272	2
GB40302	0
GB45044	1
GB53518	1
GB55151	1
GB52876	1
GB50186	2
GB48468	20
GB55969	4
GB55710	3
GB44928	0
GB50037	3
GB51070	0
GB53604	2
GB47336	5
GB55351	0
GB51282	2
GB54958	1
GB49040	0
GB42770	1
GB54549	19
GB49930	8
GB51629	0
GB45111	2
GB50492	1
GB49090	0
GB51033	0
GB49801	0
GB53139,GB53139	0
GB40883	1
GB55870	2
GB49423	1
GB53823	1
GB54972	0
GB49496	1
GB40517,GB40517	1
GB49785	2
GB41890	1
GB46801	0
GB53440	1
GB44354	1
GB55892	1
GB49562	4
GB48709	0
GB40751	0
GB55630,GB55630	5
GB49871	3
GB46974	1
GB43788	2
GB43483	0
GB53302	2
GB41363	0
GB51720	1
GB54478	5
GB53329	6
GB43393	1
GB48215	1
GB52323	3
GB43416,GB53053	5
GB40463	0
GB42252	2
GB50191	2
GB40886	0
GB51518	2
GB52093	0
GB46143	3
GB53840	2
GB41732	0
GB54321	0
GB40537	0
GB51283	8
GB40615	3
GB55654	0
GB45701	19
GB52692	1
GB44233	4
GB54376	0
GB46283	1
GB44873	1
GB44177	0
GB50927	1
GB45593	1
GB44992	2
GB41742	1
GB45811	3
GB47105	0
GB55520	1
GB48371	3
GB44897	0
GB53161,GB53162	1
GB54980,GB55315	10
GB52251	1
GB47458	2
GB45883	5
GB47436	2
GB42184	0
GB53287	1
GB54937	2
GB54750	3
GB40782	2
GB51258	8
GB45826	2
GB49485	0
GB55165	12
GB41336	0
GB53257	0
GB46115	0
GB55499	0
GB51954	1
GB44439	0
GB49540	0
GB53363	0
GB52507	1
GB44983	0
GB50751	1
GB48437	0
GB49791,GB49792	21
GB45885	6
GB53099	1
GB40656	0
GB46071	0
GB50924	0
GB40885	0
GB43704	0
GB54765,GB54743	0
GB51667	19
GB40109	0
GB48380	0
GB51343	6
GB48417	0
GB51165	1
GB46086	0
GB44689	0
GB46024	6
GB53242	0
GB50231	0
GB47602	0
GB48927	0
GB54811	1
GB51807	0
GB46638	4
GB51334	0
GB46586	1
GB51651	3
GB50003	0
GB53312	1
GB53948	1
GB55855,GB55855	0
GB47901	2
GB48644	0
GB46289	17
GB50346	0
GB54724	3
GB51973	0
GB43392	3
GB44431	0
GB50962	1
GB46427	3
GB42458	0
GB43626	0
GB45018	1
GB42706	0
GB47014	0
GB48444	3
GB43143	1
GB41692,GB41692	6
GB53431	12
GB51767	2
GB41291	0
GB47498	1
GB45177	8
GB52626	3
GB45282	0
GB49700,GB47931	15
GB44299	2
GB49970	2
GB51368	11
GB54610	15
GB45613	5
GB53298	0
GB48748	0
GB46598	6
GB41495	5
GB50435	0
GB51662	0
GB43520	0
GB46206	2
GB40305	0
GB44368	0
GB54755	5
GB50952	1
GB51489	3
GB41129	0
GB42187	0
GB52350	1
GB52774	0
GB49397	0
GB52290	0
GB52065,GB52065	10
GB56005	0
GB55405	0
GB50846	0
GB54209	1
GB52829,GB52829	0
GB44512	0
GB41761	0
GB42805	0
GB44496	0
GB50382	20
GB55186	1
GB53689	0
GB53286	1
GB53016	0
GB43260	0
GB42987	0
GB53932	4
GB41904	4
GB50857	1
GB54579	1
GB52191	16
GB53908	10
GB47955	0
GB47593	0
GB47395	0
GB46017	0
GB53847	0
GB55703	0
GB47518	1
GB42015,GB42015	0
GB55951	1
GB42180	0
GB49998	2
GB50027,GB50314	16
GB46732	0
GB41700	4
GB42966	3
GB54057	2
GB48942	4
GB45716	0
GB41467,GB41467	1
GB53191	1
GB44280	4
GB49399	0
GB51841,GB51840,GB48478,GB51444	12
GB42812	0
GB52315	0
GB40963	1
GB43207	1
GB44623	0
GB45218	1
GB47675	2
GB51088	0
GB55478	0
GB49260	4
GB50630	2
GB46113	3
GB41773	2
GB51048	11
GB48382	4
GB45382	1
GB54339,GB46094	8
GB54578	1
GB48829	1
GB43559	0
GB45829	0
GB41208	0
GB40077	0
GB52852	0
GB48150	2
GB55786	2
GB45377,GB45377	3
GB52715	17
GB49628	7
GB41504	1
GB41822	1
GB52604	21
GB43421	2
GB55909	0
GB48794	0
GB42263	0
GB50342	5
GB54110	3
GB50931,GB50931	1
GB51068	0
GB52742	2
GB47904	0
GB43280	0
GB45508	7
GB45541	1
GB46677	1
GB52882	0
GB41241	1
GB47669	1
GB52918	1
GB45082	0
GB53307	0
GB47352	0
GB43640	1
GB46995	18
GB51586	1
GB41660	3
GB49147	10
GB47415	1
GB46784,GB46784	4
GB47306	1
GB44796,GB44793,GB44796	0
GB46094,GB41306,GB41306,GB41310,GB44311,GB43029	21
GB44939	1
GB51983	0
GB44355	0
GB42412	1
GB51487	2
GB45416	2
GB49157,GB49157	2
GB53522	4
GB41823	0
GB49960	0
GB47474	1
GB51815,GB43006,GB43005,GB43007,GB42460	17
GB45581	0
GB54714	6
GB53567,GB53567	0
GB52810	7
GB51916	0
GB42964	4
GB44697	2
GB54990	0
GB49593	0
GB49836	4
GB48963	1
GB44186	1
GB51366	2
GB42384	0
GB45715,GB45658	3
GB45123	1
GB49689,GB49689	5
GB52361,GB52362	8
GB44467	1
GB50271	0
GB52643	2
GB41792	4
GB46533	1
GB40521	0
GB53146	0
GB56012	0
GB48464	5
GB52204	0
GB50747	0
GB50148	10
GB40746	1
GB50361	1
GB42478	0
GB43134	0
GB46515,GB46514	12
GB44970	0
GB51866	1
GB54676	13
GB55155	0
GB45280	1
GB49553	0
GB45702	3
GB52717	2
GB41716	1
GB44776	8
GB50978	0
GB42013	1
GB44863	7
GB41603	1
GB42650	1
GB44306	1
GB48413	1
GB50218	17
GB41654	1
GB55902	2
GB55856	15
GB44504	5
GB55380	7
GB43263	3
GB47210	5
GB46687	1
GB45602	4
GB49401	5
GB49539	0
GB45638	4
GB51197	0
GB54585	1
GB47148	6
GB42720	5
GB46208	0
GB48670	1
GB51637	2
GB55012	0
GB41142	1
GB51863	2
GB46678	0
GB42239	11
GB55439	1
GB55724	1
GB40135	3
GB45422	11
GB41490	0
GB48445,GB48447	7
GB54286	0
GB45834,GB48308	11
GB53912	2
GB48312	0
GB40858	1
GB41033	19
GB48653,GB49375	4
GB42531	1
GB53848	10
GB46907	0
GB42079	0
GB43732	1
GB44287	3
GB48933	3
GB51254	0
GB49458	1
GB48930	4
GB54763	3
GB46714	0
GB45286	2
GB52612	2
GB51659	0
GB42233	13
GB44642	2
GB49000	0
GB53070	0
GB40794	0
GB40349	0
GB56003	1
GB41898	2
GB50076	9
GB40087	0
GB49404	2
GB55441	0
GB53831	4
GB50096	0
GB47601	12
GB51588	0
GB42692	0
GB44640	4
GB51047	0
GB49440,GB49441	18
GB43282	1
GB40461	1
GB42726	1
GB52382,GB52383,GB52379,GB52381	16
GB49222	0
GB43390	1
GB53566	1
GB48190	1
GB54283	2
GB44479	2
GB54420	1
GB48579	2
GB54601	0
GB47048	3
GB55332	2
GB53910	1
GB51851	2
GB49490	2
GB49520	1
GB42828	0
GB50560	1
GB48098	1
GB48632	0
GB43210	3
GB44478	4
GB48870	2
GB55297	0
GB45609	2
GB49506	0
GB40431	2
GB54929	0
GB46050	2
GB43920	3
GB53512	0
GB44774	15
GB49886,GB46814,GB40284	25
GB46148	1
GB48193	4
GB44358	1
GB40604	0
GB55532	0
GB43635	1
GB49479	1
GB54827	0
GB53375,GB47133	1
GB44221	3
GB40510	1
GB40147	0
GB52826	2
GB40564	0
GB54783	0
GB47826	0
GB52731	2
GB55202	2
GB54373	0
GB51904	0
GB49166	1
GB45640	2
GB51910,GB52896	0
GB51503	1
GB43266	0
GB52636	1
GB41469	0
GB48642	2
GB48243	4
GB49476	5
GB54123	2
GB50554	0
GB53444	10
GB51426,GB51423	0
GB54203	1
GB50729	1
GB44670,GB51729	5
GB42459	2
GB54281	0
GB50822	4
GB45102	0
GB53236	0
GB55007	4
GB42140	0
GB50209	2
GB47341	2
GB50093	1
GB44304,GB44337	1
GB40227	1
GB55107	2
GB42415	13
GB45391	1
GB54163	12
GB49132	1
GB41846	0
GB52023,GB49875	20
GB48903	3
GB55729	2
GB50323	0
GB41206	1
GB54996	5
GB51724	4
GB51820	22
GB42708	2
GB51528	1
GB49343	0
GB44135	1
GB46650	8
GB50963	1
GB54951	1
GB47884	1
GB46467	1
GB49690	8
GB47972	3
GB50577	0
GB41606	2
GB50030	0
GB55804	2
GB45400	2
GB54950	0
GB40382	1
GB47120	0
GB54449	0
GB53271	10
GB41845	0
GB54446	0
GB56025	1
GB53628	1
GB44505	0
GB45362	0
GB45269	1
GB54362	3
GB46930	6
GB42204	1
GB50011	2
GB53756,GB53755	20
GB44984	1
GB43180	1
GB52496	1
GB44836	0
GB50217	18
GB41718	1
GB48986,GB48987,GB48988	2
GB55337	15
GB40428	1
GB48189	2
GB55312	1
GB49692	2
GB46501	0
GB55651	3
GB45185	0
GB55371	0
GB53132	0
GB53345	0
GB41031	0
GB53192	5
GB54231	3
GB40159	2
GB45583	1
GB55592	11
GB46520	1
GB42779	1
GB42724	2
GB51004	0
GB46775	0
GB49799	0
GB42317	2
GB46306	0
GB49175	1
GB43733	1
GB51079	1
GB46067	1
GB49734	0
GB54120	1
GB53430	0
GB55511	0
GB40259	8
GB47719	5
GB51414	2
GB52385	13
GB55528	1
GB50920	0
GB50339	4
GB43729	6
GB50332,GB50331	3
GB42838	1
GB54920	0
GB48172	0
GB44879	0
GB43114	0
GB55818	0
GB44006,GB44006	4
GB49524	3
GB54218	0
GB55498	0
GB40234	4
GB55201,GB55171	7
GB43921	1
GB42141	1
GB51155	2
GB40298	12
GB49879	15
GB45354	1
GB41079	1
GB55512	0
GB41643	2
GB41067	0
GB43088	1
GB50221	0
GB49945	2
GB55216	0
GB42234	1
GB46737	0
GB47810	0
GB50845	0
GB44045,GB53014	11
GB40522	0
GB44130	0
GB48996	6
GB53322	0
GB51593,GB53266	11
GB40929	4
GB52101	3
GB47299	18
GB51195	0
GB45440	7
GB42194	0
GB48161	0
GB52957,GB52958	4
GB48126	3
GB46287	2
GB44363	1
GB51186	0
GB48343	10
GB54181	1
GB42281	0
GB52752	0
GB51121	6
GB49769	2
GB41796	2
GB51037	1
GB49390	0
GB47112	0
GB45261	1
GB55568	0
GB45739	0
GB41205	11
GB41252	0
GB49086	0
GB42312	3
GB55455	1
GB40362	0
GB41214	0
GB43438	0
GB40141	1
GB45867	0
GB54180,GB43794,GB43792	5
GB51332	1
GB46221,GB46157	4
GB47896,GB47896	3
GB55456	1
GB55484	0
GB45540	0
GB40481	2
GB53374	2
GB42867	17
GB50373	2
GB45680	1
GB44430	0
GB46741	0
GB41510	0
GB53818	1
GB43126	1
GB54319	2
GB47882	1
GB52087	10
GB44987	0
GB46921,GB41972	2
GB42659	0
GB53958	0
GB40785	1
GB42323	4
GB50206	11
GB47454	1
GB51743	0
GB42261	2
GB50800	0
GB49750	1
GB50985	0
GB48100	1
GB51721	2
GB41292	0
GB40972	6
GB49500	5
GB53579,GB53578	13
GB53805	2
GB44659	0
GB52013	4
GB45381	0
GB47301	19
GB48580	7
GB48352	0
GB50448	1
GB48344	1
GB48222	1
GB45350	14
GB51356	8
GB41897	0
GB50689	0
GB54845	2
GB51490	1
GB47783	0
GB42032	1
GB40732	5
GB41980	5
GB46674	2
GB52642	4
GB44598	0
GB48527	0
GB48852	1
GB42538	0
GB49625,GB49625	0
GB44889	1
GB47550	5
GB44651	3
GB44971,GB43001	1
GB40022	1
GB46888	1
GB53828	1
GB55998	3
GB51908	5
GB44711,GB44710	16
GB52827	0
GB42164	2
GB40071	1
GB50475	0
GB53861	3
GB52015	0
GB53025	1
GB45682	3
GB49837	0
GB42543	0
GB45406	3
GB48431	0
GB46657	4
GB54410	17
GB55563	1
GB45853	5
GB45265	2
GB51601	0
GB52532	0
GB46742	1
GB47594	0
GB44075	8
GB48708	1
GB42923	2
GB49326	4
GB41126	5
GB47871	5
GB49351	2
GB50192,GB50192	1
GB41243	3
GB40684	23
GB50341	13
GB50524	4
GB43285	8
GB41824	1
GB52923	1
GB43770	1
GB43118,GB43118	0
GB48953	7
GB48640	6
GB55374	2
GB50098	1
GB43365	0
GB40238	1
GB49529	2
GB50366	0
GB47284	0
GB42500	11
GB54747	0
GB48345	1
GB46513	2
GB52459,GB52458	0
GB46188,GB46188	8
GB55444	1
GB43914	0
GB49337	0
GB50034	4
GB53832	1
GB44211	8
GB44115	5
GB48384	0
GB46914	0
GB51357	5
GB55198	0
GB54992	0
GB41175	0
GB49649	2
GB43833	0
GB45356	1
GB45399	1
GB43693	3
GB55196	0
GB51615	0
GB48943	2
GB52700	12
GB44144	0
GB53677	3
GB53719	1
GB55088	0
GB46068	4
GB43989	0
GB54427	0
GB53327	21
GB55744	4
GB40390	4
GB48331	2
GB47816	1
GB55091	0
GB42038	1
GB47655	1
GB50457	1
GB55423	0
GB45649	12
GB41873	1
GB52603	14
GB55356,GB53844	2
GB43179	0
GB48362	2
GB47636	1
GB51700	0
GB40773	1
GB55163	3
GB48435	5
GB45041	0
GB44969	1
GB43081	2
GB47270	22
GB45193	0
GB43837	3
GB40932	9
GB44782	0
GB50158	0
GB47975,GB47974,GB43571	18
GB50847	0
GB51517	0
GB54978	0
GB44867	2
GB51479	1
GB51764	2
GB45806	2
GB45098	0
GB46376	0
GB46459	0
GB45464	10
GB53506	0
GB50722	3
GB49348	0
GB41046	0
GB52407,GB52398,GB52402,GB52396,GB52397,GB52399,GB52393,GB52395,GB52403,GB52404,GB52400	15
GB42375	0
GB53602	0
GB41922	4
GB40478	0
GB45664	3
GB54032	2
GB52378,GB52375,GB52377	12
GB43486	2
GB46414	9
GB50097	3
GB43827	22
GB47011	1
GB41975	1
GB49853	6
GB53086	1
GB52039,GB52039	0
GB54303	0
GB55017	0
GB44926	1
GB43604	0
GB47788	0
GB49296	1
GB48135	5
GB48645	1
GB50018	2
GB41222	2
GB46333	0
GB56004	5
GB45951	2
GB54483	1
GB53726	0
GB52740	3
GB45063,GB45062	0
GB49158	0
GB51103	0
GB47463	2
GB41986	0
GB43106	2
GB46441	2
GB46532	1
GB42321	0
GB45369	0
GB53939	2
GB47576	1
GB49498	1
GB43847	0
GB41085	2
GB50602	1
GB52060	1
GB48072	1
GB43215	0
GB41755	1
GB43150	1
GB49888,GB40284,GB49885,GB49890,GB49878,GB49894,GB49892,GB45746	30
GB46956	2
GB50354	2
GB46144	3
GB50144	4
GB51369	3
GB43132	2
GB46768	2
GB44830	1
GB47337	15
GB41607	3
GB44427	1
GB40301	2
GB46897	5
GB46030	1
GB55974	1
GB42682	1
GB48936	6
GB47493	0
GB48769	1
GB41788	3
GB46468,GB54705	4
GB44841	0
GB50075	0
GB53698	7
GB51278	2
GB55262	16
GB40207	1
GB46286	12
GB48311	2
GB43710	23
GB40422	1
GB46697	0
GB48827	0
GB42930	2
GB40747	0
GB50297	0
GB50850	0
GB53096	12
GB48271	0
GB55663,GB45975	1
GB50434	3
GB53867	0
GB40983	0
GB55170	3
GB46025,GB46025	7
GB52351	0
GB51261,GB55135	1
GB44343	5
GB45737	0
GB47463,GB51455	2
GB41390,GB41387	8
GB45552	4
GB52981	1
GB46504	3
GB40233	10
GB54683	5
GB48999	1
GB43236	0
GB46146	0
GB55914	1
GB47656,GB46832,GB46832	10
GB45678	0
GB45220	2
GB55824	0
GB54868	3
GB43246	1
GB44143	1
GB53619	4
GB55539	0
GB48855	1
GB43468	2
GB45535	0
GB41403	3
GB40340	2
GB40337	2
GB54485,GB52179,GB54460	25
GB46465	3
GB48565	0
GB51031	1
GB50950	11
GB40126	0
GB53223	0
GB41138	0
GB53154	5
GB42231	0
GB52164	0
GB45404	2
GB44787,GB44787,GB44787,GB44402,GB44402	3
GB54178	1
GB52448	5
GB55948	1
GB53136	0
GB43772	2
GB42544	3
GB46430	1
GB42922	12
GB44450	1
GB51429	0
GB46902,GB46902	0
GB42529	0
GB43913	1
GB48913,GB53801	1
GB54830	1
GB43427	0
GB46656	1
GB43991,GB43991	1
GB45878	6
GB54311	0
GB45814	2
GB41841	1
GB41029	0
GB46789	8
GB53427	7
GB44083	3
GB53437	1
GB48671	0
GB51603	0
GB46345	0
GB51562	6
GB47769	1
GB49633	2
GB50193	1
GB51034	4
GB47400	0
GB45110	6
GB44046	1
GB54650	1
GB51955	1
GB50194	0
GB48620	9
GB49264	3
GB50874	0
GB47817	3
GB55464	1
GB46066	0
GB40312	1
GB43739	7
GB50458	5
GB48316	10
GB42036	0
GB41368	7
GB48935	4
GB50944	0
GB53603	3
GB42541,GB45092	7
GB50657	3
GB43905	0
GB49356	14
GB46681	3
GB40085	0
GB43230	1
GB40142	0
GB55102	0
GB50411	2
GB50301	3
GB48419	1
GB45884	1
GB46040	1
GB50243	3
GB51802,GB47843	4
GB41800	1
GB51759	2
GB46059	1
GB45544	8
GB54044	1
GB50629	0
GB47588	1
GB45221	0
GB50454	2
GB45368	1
GB49413	0
GB52927	2
GB40483	0
GB50196	0
GB42904	5
GB51114	3
GB50214	0
GB48440	2
GB53225	13
GB42645	1
GB41179	0
GB43949	3
GB44580	1
GB52879	6
GB48409	1
GB40138,GB40136,GB40137	18
GB49928	1
GB45850	1
GB44495	0
GB40934	0
GB47318,GB47354,GB47354,GB45988	4
GB44229	0
GB45749	1
GB44842,GB44842,GB44842	0
GB50164	11
GB54435	1
GB46749,GB42434	10
GB43628	3
GB47890	3
GB46145	0
GB42776	0
GB47187	6
GB49039	1
GB50966	0
GB55010	0
GB46577	11
GB45250,GB45250	0
GB55513	1
GB52438	0
GB55849	0
GB41439	1
GB40154	4
GB55496	1
GB42385	1
GB55016	2
GB52370,GB52365,GB52373,GB52367,GB52371,GB52369,GB52375,GB52364,GB52374,GB52373,GB52368,GB52363	20
GB55774	7
GB48772	0
GB48876	0
GB44442	15
GB54166	0
GB40701	0
GB44014	10
GB49653	0
GB53303	0
GB46987	2
GB51271	0
GB42206	2
GB51672	1
GB48603	3
GB53637	0
GB49329	1
GB50925	1
GB46569	0
GB48482	0
GB54371	2
GB45077	0
GB54141,GB42128	0
GB43507	0
GB54999	1
GB43133,GB43133	3
GB42654	0
GB49389	4
GB41889	0
GB47941	1
GB44976	0
GB43728,GB43713,GB43727	9
GB49411	0
GB54294	1
GB46673	0
GB41346	0
GB50970	1
GB54250	0
GB50322	0
GB52553	4
GB46378	0
GB50534	0
GB50965	0
GB40735	0
GB42748	1
GB41485	1
GB43800	17
GB51783,GB51782,GB51783	2
GB53656	0
GB54208	4
GB49623	0
GB43026,GB43024,GB43026,GB43024,GB43023,GB46324	34
GB41184	12
GB51806	0
GB48133	14
GB53971	0
GB49974	1
GB49788	2
GB42527	4
GB49605	2
GB52917	3
GB51772	15
GB49307	0
GB53667	1
GB52530	0
GB50377	0
GB50934	10
GB53613	5
GB53105	8
GB46365	16
GB44768	1
GB47162	1
GB40734	8
GB50875	8
GB41881	1
GB50531	1
GB51849	2
GB40397	1
GB46247	1
GB49311	3
GB43825	0
GB44773	1
GB46420	0
GB55994	0
GB49048	1
GB52154	1
GB52246	2
GB42719	2
GB44426	5
GB52151	0
GB51727	5
GB41419	5
GB41189	2
GB48955	0
GB51122	2
GB44167	8
GB51661,GB51661	2
GB50763	1
GB41674	0
GB55939	5
GB46537	1
GB50239	8
GB41300	0
GB53131	1
GB49751	0
GB54506	3
GB40519	0
GB51413	8
GB46038	2
GB46426	6
GB40779	0
GB41154	0
GB48086	1
GB46174	14
GB50014	2
GB41912	2
GB48307	1
GB50902	0
GB55421	2
GB50057	1
GB53672	1
GB54611	0
GB47303	11
GB55840	0
GB53138	0
GB51043	3
GB47161	0
GB42810	0
GB51236,GB51238	1
GB54316,GB54316	1
GB54890	1
GB52504,GB51681	8
GB53500	8
GB50587	0
GB50953	10
GB54941	4
GB55611	9
GB54331	2
GB54693	0
GB48776	0
GB49924	1
GB44103	0
GB41715	1
GB45397	0
GB47570	1
GB42466	3
GB46369	0
GB41135	2
GB54916	1
GB53179	7
GB50744	0
GB49901	0
GB51709	1
GB50053	13
GB48017	1
GB48703,GB48704,GB48703,GB48703,GB44714,GB42589,GB48703,GB44714,GB46559	19
GB50269	2
GB42469	2
GB48578	3
GB45757	0
GB54135,GB54136	0
GB55330,GB49708	12
GB40562	5
GB45866	0
GB52982	2
GB40754,GB40754	6
GB51383	10
GB54212	3
GB42170	3
GB47030	0
GB53705	3
GB54547	0
GB51756	3
GB54179	12
GB55185	2
GB52415,GB52414,GB52416,GB52414,GB52413,GB52416,GB52416,GB52415	19
GB52804	1
GB47929,GB47929	0
GB50010	3
GB49439	2
GB51247	2
GB50272	2
GB44540	0
GB46112	1
GB52727	2
GB50623	1
GB54546	1
GB48005	4
GB48898,GB48899,GB48897,GB52653,GB46095,GB46096,GB46096	6
GB48857	2
GB52995	2
GB44977	15
GB52343	3
GB41691	1
GB47720	3
GB54605	5
GB43813	8
GB43702	2
GB50087	2
GB55946	5
GB42917	0
GB50984	0
GB50347	2
GB55046	2
GB45887,GB46235	4
GB45820	0
GB46926	6
GB52354	0
GB51085	6
GB45582	9
GB43175	0
GB42377	3
GB42072	1
GB54687	0
GB41626	7
GB55898	0
GB44671	1
GB55638	1
GB50510	1
GB40748	1
GB43814	2
GB49770	3
GB43092	0
GB49807	13
GB47885	5
GB43706	0
GB46767	9
GB42693	0
GB49116	11
GB45451	2
GB49339	12
GB49331	0
GB55241	2
GB55160	0
GB42192	2
GB45514	2
GB49955	0
GB48664	10
GB53373	1
GB43621	1
GB50887	6
GB47515	0
GB41301	1
GB55408	9
GB53080	0
GB50242	1
GB52761	1
GB48080	12
GB41207	0
GB46337	1
GB51231	1
GB46471	0
GB44129	12
GB50995	0
GB50298	0
GB40806	9
GB46606	0
GB52560	0
GB52792	0
GB43389	0
GB47668	8
GB46500	0
GB51654	0
GB46547	3
GB40416	1
GB41471	2
GB44732	0
GB54279	1
GB47328	0
GB41901	1
GB54215	2
GB42303	1
GB40830,GB40830	0
GB50933	1
GB42785	0
GB49868,GB49919	12
GB41047	4
GB46646	0
GB48412	3
GB40596	1
GB55626	2
GB52646	2
GB45886	3
GB47658	2
GB41591	1
GB52946	1
GB43546	0
GB44109	1
GB40239	1
GB42350	2
GB49019	0
GB43755	6
GB45688	2
GB40831,GB40831	15
GB40496	1
GB53407	1
GB43904	1
GB42112	3
GB47046	2
GB54259	0
GB45504	1
GB49897	0
GB42829	6
GB48143	0
GB55667	0
GB50312	17
GB49402	2
GB53940,GB53940	4
GB45775	3
GB53335	4
GB53803	7
GB48195	4
GB40019	2
GB54187	1
GB49384	0
GB45709	4
GB43868	0
GB53965	4
GB52721	1
GB55596	0
GB50042	0
GB51129	2
GB47455,GB52437	19
GB48486,GB45532	3
GB50013	1
GB52693	2
GB54808,GB40047	14
GB50427	1
GB51556	0
GB47324	3
GB52040	2
GB55798	2
GB40358	0
GB43564	1
GB52030	0
GB55009	8
GB53731	14
GB44780	0
GB47735	0
GB48779,GB48779	0
GB41677	0
GB55370	1
GB42649	0
GB48798	1
GB53337	2
GB46642	3
GB43521	0
GB51670	0
GB41302	5
GB46763	2
GB40053,GB40169	4
GB43311,GB43310,GB48321	22
GB46536	9
GB48674	2
GB46495	5
GB53524	3
GB42084	9
GB45501,GB45500	5
GB53023	1
GB47878	3
GB45295	3
GB45146	0
GB55228	1
GB53347,GB53346	29
GB51685,GB53876	11
GB45628	4
GB51084	1
GB45342	0
GB55788	3
GB51683	4
GB49895	6
GB41159	2
GB54968	0
GB46494	0
GB50658	0
GB53385	1
GB55070	1
GB51524	2
GB47272	2
GB52245	0
GB55941	2
GB45511,GB45511	1
GB42315	1
GB40836	11
GB41162	1
GB47651	0
GB42592	0
GB55975	1
GB54018	0
GB46121	0
GB40303	0
GB54698	2
GB44718	2
GB49784	1
GB55108,GB55108	1
GB48600	0
GB40069	0
GB40659	8
GB50756	0
GB47234	9
GB53249,GB45509,GB45510	4
GB40733	3
GB54813	0
GB50551	1
GB48010	0
GB54767	4
GB45251	0
GB48488	3
GB53882	0
GB42924	4
GB52747	8
GB53354	2
GB52393	10
GB40222	1
GB45435	0
GB54386	1
GB54089	2
GB46706	14
GB46285	8
GB55281	0
GB50865	1
GB54949	0
GB41842	3
GB45632,GB45632	1
GB42678	1
GB45869	4
GB47065	1
GB49963	7
GB43193	3
GB48430	0
GB41137	0
GB51867	0
GB46123	2
GB40778	0
GB48278	2
GB44871	1
GB42400	0
GB42526	0
GB52069	11
GB46616	1
GB55263	8
GB44058	2
GB52655	1
GB50235	0
GB49414	4
GB42075	0
GB43353	0
GB51394	5
GB42052	0
GB41486	0
GB46386	10
GB44181	3
GB50055,GB50052,GB50054	23
GB43155	6
GB48364	4
GB41240	2
GB48121	7
GB49975	2
GB53398	0
GB48448	1
GB52410,GB52412,GB52410,GB52410	21
GB48132	7
GB42981	4
GB41569	0
GB45855	5
GB50128	1
GB48039	0
GB42051	1
GB52915	2
GB53068,GB53068	1
GB46201	1
GB45854	3
GB54956	0
GB54848	0
GB53230	1
GB55316	8
GB55559	2
GB42550	4
GB48604	0
GB49446	2
GB55053	1
GB51203,GB53877	0
GB48826	0
GB44154	0
GB41128	1
GB44514	0
GB44289	0
GB53256	0
GB47229	1
GB47203	0
GB47828	0
GB54583	7
GB40225,GB51380	0
GB42824	0
GB44110	3
GB47749	1
GB49979	3
GB49259	5
GB52080	1
GB53609	4
GB50077	3
GB48411	0
GB43519	4
GB53434	1
GB40781	0
GB49762	0
GB55285	1
GB48597	0
GB49504	2
GB43964	19
GB41367	3
GB47010	0
GB46461	4
GB45247	5
GB40554	0
GB41258	0
GB49321	0
GB51888	11
GB48408	1
GB48231,GB48231	12
GB40102	1
GB41146	0
GB40837	4
GB47159	0
GB54302,GB54302,GB54302	2
GB54334	5
GB43884	1
GB44039	1
GB46980	0
GB55510	4
GB44139	8
GB50305	0
GB45078,GB45081,GB45079,GB45079,GB45079,GB45078,GB40668,GB40666,GB40664,GB40665,GB40667,GB40666,GB45078,GB49208	37
GB55066	0
GB49826	9
GB40511	1
GB54855,GB54856	7
GB50384,GB50383	11
GB52466	10
GB49371	2
GB43690	1
GB42301	2
GB43819	0
GB43419	2
GB41882	1
GB42139	1
GB49810	1
GB51945	19
GB53921	0
GB51141	3
GB47134	0
GB43332	1
GB55978	1
GB41785	4
GB54033	0
GB48630	0
GB44336	1
GB55825	1
GB43625	0
GB48109	9
GB44113	0
GB52629,GB52629	3
GB41178	1
GB43466	1
GB54655	2
GB44098	1
GB44558	0
GB42230	1
GB43554	1
GB50990	5
GB54292	5
GB51227,GB51227	1
GB45256	2
GB51657	7
GB47678	1
GB43955	1
GB44312	8
GB44707	1
GB48983	0
GB44484	17
GB40113	0
GB55419	0
GB41234	7
GB40938	0
GB51578	1
GB46202	1
GB55963	2
GB46073	2
GB49672,GB49672	4
GB41203	0
GB52029	0
GB54205	2
GB45637	2
GB48134	4
GB53829	0
GB48032	1
GB46131	2
GB55841	0
GB52854	3
GB45267	0
GB50598	4
GB47553	1
GB49789	0
GB51733,GB40635,GB45983	16
GB51650	14
GB50998	0
GB49139	1
GB55077	0
GB49609	1
GB49813	1
GB40360	0
GB50181	0
GB41263	1
GB40425	4
GB40157	19
GB53646	0
GB45831	1
GB41647,GB41695	1
GB49416	2
GB52344	1
GB53404	0
GB54540	0
GB53723	2
GB49643	2
GB55161	1
GB54388	0
GB42786	1
GB52345	0
GB48235	4
GB43586	0
GB48450	1
GB45239	14
GB42918	1
GB46408	1
GB48241	20
GB49632	2
GB45851	0
GB41724	3
GB55422	1
GB41599,GB49018	20
GB50893	0
GB42050	9
GB44400	1
GB47551	1
GB50811	0
GB46772	0
GB52754	0
GB52799	0
GB53953,GB45420	3
GB52728	0
GB51602	2
GB40456	0
GB56029	11
GB53421	0
GB46727	0
GB52303	20
GB50867	0
GB44415	1
GB52464	5
GB40098	0
GB44044	0
GB44585	11
GB55516	5
GB49180	2
GB53915	0
GB49638	1
GB49340	0
GB52331	1
GB41360	3
GB50647	18
GB43219	0
GB54717,GB43781,GB43787	13
GB40061,GB40061	2
GB45934	1
GB49515	1
GB40556	1
GB49552	14
GB40057	1
GB44501	5
GB42618	15
GB55440	0
GB41339,GB41326	8
GB51002	0
GB45437	0
GB55906	1
GB43548	2
GB51643	3
GB44821	4
GB46022	0
GB49904	2
GB46444	5
GB44800	0
GB45057	1
GB46726	1
GB51331	6
GB41690,GB41690	0
GB42775	0
GB46774	1
GB52156	2
GB50996	2
GB46766	9
GB45230	1
GB54340	2
GB49347	20
GB50869	1
GB41483	0
GB48466	11
GB44132	3
GB54244	0
GB43634	5
GB45023	1
GB42613	0
GB46635	1
GB46275	1
GB51078	4
GB44171,GB50929	1
GB45538	1
GB45925	1
GB41981	0
GB44191	1
GB45255	0
GB47315	0
GB46210	5
GB47968	1
GB41549	2
GB42811	3
GB43036,GB43035	4
GB43563	2
GB54401	3
GB42614	0
GB47933	2
GB42707	3
GB40270	2
GB50106	1
GB45305,GB45305	1
GB54888	5
GB40561	3
GB45515	3
GB42742	1
GB49350	2
GB53736,GB53736	0
GB52652	0
GB51108	4
GB47580	8
GB42891	0
GB41519	0
GB42672	22
GB40673	1
GB47849	2
GB54297	0
GB51115	0
GB42468,GB42475,GB42467,GB48511,GB48512	12
GB40639,GB40639	15
GB52600,GB52600	0
GB43742	1
GB52662	0
GB46368	5
GB52696	9
GB40439	6
GB50824	2
GB48085	1
GB50901	6
GB50436	1
GB42568	1
GB53207	1
GB48617	0
GB40473	1
GB41667	0
GB40731	4
GB45418	0
GB48534	1
GB40164	21
GB49073	1
GB47092	3
GB45096	4
GB55264	1
GB49862	1
GB50250	3
GB42411	2
GB44891	1
GB45567	1
GB47399	0
GB47804,GB47805	4
GB53706	1
GB54467	1
GB53240	1
GB46915	1
GB42714	1
GB45426	1
GB51428	2
GB42292	4
GB54851	1
GB52007	3
GB48453	1
GB55661	0
GB44572	2
GB55571	1
GB40780	2
GB53143	2
GB43195	3
GB40268	15
GB42447	0
GB50515	3
GB43401	1
GB48210	1
GB42673	2
GB55240	2
GB46043	1
GB51628	1
GB49772	0
GB42300	0
GB46000	8
GB54174	9
GB42492	1
GB47540	5
GB52347	9
GB40705	1
GB42452	0
GB43131	2
GB54932	4
GB52991	2
GB44824	5
GB42555	3
GB43479	1
GB55706,GB55707	10
GB51800,GB51800	7
GB51786	4
GB52883	0
GB44225	11
GB48727	2
GB55326	0
GB46880	5
GB54315	14
GB49902	0
GB55000	2
GB41600	3
GB50816	2
GB41143	1
GB45697	4
GB54440	3
GB42962	0
GB42968	0
GB53574,GB53574	10
GB53208	0
GB53183,GB53253	2
GB50686	0
GB51536	0
GB48960	3
GB44739	5
GB41227	2
GB40459	1
GB47770	5
GB50533	2
GB42792	1
GB45596,GB53872	4
GB45037	1
GB44432	1
GB42580	1
GB41242	0
GB41491	1
GB45700	15
GB51419	8
GB46590	1
GB40617	6
GB54917	2
GB55535	3
GB45419	1
GB44596	4
GB40576	4
GB40289	1
GB54076,GB54076	0
GB52390,GB52386	9
GB54580	3
GB50200	0
GB47320	7
GB52072	2
GB48599	0
GB55610	0
GB55265	6
GB48575	1
GB45625	7
GB52641	2
GB42561	0
GB41414	0
GB44509	3
GB49338	1
GB50858	4
GB49408	2
GB54432	0
GB43258	0
GB42476	0
GB44361	3
GB43471	1
GB43818	0
GB40339	1
GB51930	0
GB41517	7
GB42558	2
GB52209	3
GB45216	1
GB43585	14
GB50496,GB50496	1
GB44172	0
GB51620	1
GB52308	14
GB51587	3
GB53185	0
GB54426	3
GB50270	0
GB54720,GB40180	9
GB43876	1
GB52123	7
GB49313	1
GB42676	0
GB42584	1
GB42519	0
GB48682	0
GB48207	0
GB43941	9
GB42903	3
GB44205	0
GB49805,GB49806	7
GB46458	8
GB47200	4
GB47659	0
GB44532,GB50545	16
GB54866	21
GB52256	0
GB41778	12
GB49357	2
GB45040	0
GB41760	14
GB42595	5
GB51521	1
GB49016	1
GB51284	1
GB43443	0
GB53653	0
GB40699	5
GB40760	0
GB53311	4
GB54299	11
GB55515	3
GB42010,GB42010	18
GB55105	0
GB55286,GB42027	1
GB50248	1
GB44257	2
GB55429	0
GB40805	2
GB43302	1
GB49407	1
GB53020	1
GB54045	0
GB53727,GB41235,GB41235	5
GB42086	1
GB44310	2
GB47567	1
GB47398	9
GB53775	0
GB44876	2
GB46906	1
GB40884	3
GB45170	7
GB42685	2
GB46916	1
GB45047	0
GB50107	0
GB43799	12
GB54153	4
GB41976	1
GB42862	4
GB51072	0
GB52998	2
GB52434	1
GB51607	0
GB55467	3
GB41163	12
GB44449	0
GB55040	1
GB50688	0
GB45137	1
GB46087	5
GB44125	0
GB49912	1
GB44424	0
GB47839	1
GB51846	1
GB49248	2
GB43851	7
GB43952	1
GB44152	0
GB47831	1
GB50880	5
GB44930	1
GB40906	3
GB52133,GB52133,GB52133	0
GB47543	3
GB54982	3
GB41684	3
GB43916	16
GB53195	0
GB40666	20
GB50088	17
GB47842	0
GB53661	0
GB48676	0
GB52520	0
GB46001,GB46001	4
GB49811	1
GB50429	6
GB43504	7
GB46203	2
GB44070	5
GB44902	1
GB47419	2
GB44064	3
GB52748	10
GB53344	10
GB53644	0
GB55432	0
GB45285	0
GB41662	0
GB51089	0
GB47322,GB47322	0
GB49427	3
GB44945	8
GB44577	2
GB48429	3
GB50278	1
GB42378	7
GB51439	9
GB42587,GB42587	16
GB45307	4
GB55518	3
GB55001	2
GB42274	0
GB50125	2
GB54656	7
GB49659	2
GB44499	0
GB48928	1
GB49112	1
GB48863	8
GB53864,GB53864	22
GB41443	1
GB42073	10
GB44055,GB44185,GB53301	9
GB42465	0
GB42985	16
GB51358	0
GB41340	2
GB46147	0
GB51842	17
GB42364	19
GB48183	6
GB40839	11
GB48799	2
GB46309	5
GB54659	0
GB54919	2
GB48859	1
GB47827	0
GB48009	1
GB50636	5
GB40712	0
GB53918	1
GB51071	3
GB49420	5
GB49245,GB41113	1
GB55304	6
GB47490	1
GB49312	2
GB43084	1
GB53177	1
GB45274	6
GB44539	1
GB51533	0
GB45727	6
GB40895	0
GB49154	3
GB49395	4
GB53350	4
GB53716	5
GB47799	0
GB46898	1
GB47237	4
GB44677	2
GB50596	13
GB55997	1
GB48304	1
GB41399	11
GB56035	0
GB47000,GB47895,GB52230,GB55636,GB55636,GB46100,GB46823,GB52230,GB47895,GB47000,GB52230	31
GB55036	4
GB43218	3
GB41364	1
GB51299	0
GB48346	2
GB47180	0
GB55803	7
GB49981,GB49983	17
GB44826	3
GB53359	0
GB52529	0
GB43566	12
GB44469	1
GB45188	3
GB49457	2
GB48892	6
GB55445	1
GB46291	1
GB42576	3
GB49123	2
GB55666	1
GB50851	3
GB48886	1
GB43436	8
GB44978	0
GB52061	0
GB51105	0
GB47319	1
GB55531	0
GB45183	0
GB53334	3
GB48961	3
GB50561,GB43768	0
GB55943	0
GB53975	0
GB52288	0
GB46928	1
GB54243	7
GB54227	0
GB53201	0
GB47296	1
GB54925	0
GB41849	2
GB48363	3
GB47638	0
GB41270	0
GB55970	0
GB53318	0
GB44731	3
GB49368	3
GB46743	0
GB45696	1
GB42790	1
GB42634	1
GB44980,GB44981	1
GB44931	2
GB45848	3
GB41197	16
GB41176	1
GB55601	0
GB46410	8
GB44043	14
GB45633	2
GB50512	4
GB51606	0
GB41646	1
GB41815	2
GB47140	18
GB42899	4
GB40114	1
GB44869	1
GB46404	0
GB45042	4
GB40728	2
GB45105	0
GB41030	1
GB49691	10
GB49752	19
GB41458	7
GB40460	2
GB51631	1
GB55753	0
GB47609	4
GB47202	0
GB53316,GB50320	0
GB48810	1
GB48152	0
GB45025	0
GB46983	1
GB53245	1
GB41034	7
GB55600	3
GB51555	1
GB44878	0
GB49654	0
GB40265	0
GB54541	1
GB42339	2
GB55640	1
GB41168	0
GB43100	0
GB52467	6
GB49100	1
GB45375	1
GB45639	3
GB49265	2
GB48641	1
GB50881	17
GB42760	4
GB41341	1
GB50062	13
GB42218,GB42219	19
GB45011	9
GB44425	0
GB50145	1
GB49195,GB49195	16
GB49956	2
GB45648	1
GB40807	2
GB51305,GB47545	7
GB51303	1
GB50441	4
GB44059	1
GB55288	1
GB41553	0
GB43181	0
GB55716	0
GB50804	6
GB53419	4
GB48173,GB48174	7
GB46398	2
GB55474	0
GB40997	15
GB51030	2
GB51917,GB43358,GB43362	0
GB49702	1
GB41945	4
GB50103	1
GB42560	0
GB55162	1
GB46589	1
GB47967	1
GB41969	1
GB44169	6
GB44165	0
GB54779	1
GB47988	17
GB41604	1
GB43861	1
GB45336	9
GB50628	1
GB52455	1
GB42594	0
GB46119	4
GB52190	0
GB52493	8
GB55918	0
GB49306	0
GB48706	1
GB53234,GB53234	0
GB43863	0
GB53732	5
GB47823	2
GB40031	2
GB44071	1
GB41410	8
GB42298	1
GB55192	1
GB50796	3
GB53294	5
GB41954	8
GB42794	0
GB49754	1
GB46917	1
GB41259	3
GB53101	0
GB40658	7
GB46122	2
GB43591	1
GB47517	3
GB40070	1
GB47574	5
GB54748	1
GB49377	0
GB55354,GB55354	0
GB45547	2
GB41074	4
GB48754	1
GB43409	4
GB49398	0
GB45000	2
GB55277	29
GB47811	2
GB52026	1
GB45013	2
GB52800	1
GB40083	1
GB46214	0
GB47430	1
GB54237	3
GB54220	0
GB44470	0
GB48029	1
GB44663	0
GB49191	2
GB45421	1
GB46492	4
GB55275	13
GB44404	1
GB44122	3
GB51292	1
GB53695,GB48850	11
GB49664	1
GB54548	4
GB49383	1
GB49041	0
GB43643	9
GB50380	23
GB54156	1
GB43808	2
GB49808	1
GB47192	1
GB45759	1
GB45148	3
GB40308	0
GB49727	0
GB41320	5
GB44721	1
GB45527	3
GB41640	2
GB42796	0
GB50568	15
GB54146	5
GB46249	1
GB49942	1
GB48350,GB48350	10
GB49538	0
GB51411	0
GB42071	2
GB53349	0
GB50663	1
GB42497	1
GB45335	5
GB46605	0
GB51718	5
GB47373	7
GB47075	2
GB53750	0
GB54370	0
GB51582	0
GB53188	1
GB45139	3
GB43915	12
GB48460	15
GB47996	1
GB45526	0
GB49549	0
GB52841	7
GB41966	12
GB43691	3
GB49192	1
GB54300	0
GB48064	0
GB55552,GB41653	5
GB52920	1
GB54293	2
GB51295	1
GB55414	6
GB54256	2
GB51887	5
GB45050	3
GB55109	5
GB51087	0
GB45008	1
GB53428	14
GB52656	2
GB51069	1
GB55639	1
GB54498	2
GB51462	1
GB55869,GB55869	0
GB50872	1
GB45045	0
GB54458	9
GB45147	0
GB48176	1
GB54569	1
GB41793	0
GB44907	0
GB51911	1
GB47957,GB47957	2
GB43841	1
GB51658	1
GB47380,GB47380,GB47380,GB54084,GB54084	18
GB52500	0
GB51573	3
GB53777	1
GB52185	7
GB52638	1
GB55722	3
GB45337	1
GB46167	1
GB41913	2
GB48683	3
GB40767	13
GB52765	4
GB45443	5
GB44398	1
GB55232	0
GB45083	0
GB51425,GB46180	4
GB43228	0
GB45367	1
GB47045	0
GB51290	0
GB41153	0
GB53067	0
GB43188	2
GB54291	1
GB52439	1
GB42934	2
GB42351	2
GB51052	1
GB48866	0
GB47434	10
GB54503	0
GB40398	0
GB42319	4
GB48310	19
GB53328	1
GB54891	7
GB55223	0
GB52194	8
GB41698	4
GB54952	0
GB45119	1
GB55156	0
GB55829	2
GB43883	0
GB45720	0
GB54983	3
GB43843	0
GB41656	2
GB44397	1
GB42217,GB48194	3
GB50575	10
GB55373	1
GB47160	0
GB47990	0
GB48660	2
GB45372	0
GB45634	3
GB47689	1
GB42655	1
GB42083	3
GB51409	0
GB55317	0
GB50051	20
GB44052	0
GB40691	1
GB41857	4
GB50350	3
GB50253	5
GB46363	4
GB50603	1
GB46977	0
GB44786	1
GB50249	9
GB52645	0
GB40121,GB40122	5
GB54508	3
GB53779	8
GB55353	4
GB52996	3
GB43946,GB43946	16
GB49250	0
GB54016	8
GB52878	16
GB54087	0
GB49281	6
GB47226	1
GB40875	1
GB50655	1
GB46744	1
GB47311	0
GB45222	0
GB55212,GB55205,GB55208,GB55215,GB55214,GB55213,GB55204,GB55207,GB55206,GB55211,GB46294	23
GB54782	5
GB43103	1
GB43824	3
GB53065	1
GB48118	0
GB52745	1
GB43375,GB43375	0
GB45441	1
GB47342	4
GB40267	3
GB47654	7
GB43968	2
GB48672	4
GB41413	1
GB43154	3
GB54399	3
GB56018	1
GB48110	5
GB43879	2
GB51372	20
GB48621	3
GB44964	17
GB49521	1
GB48820,GB46970	20
GB55233	3
GB50083	1
GB54967	4
GB41123	6
GB44894	2
GB46477	2
GB44428	2
GB54865,GB54865	2
GB53387	2
GB49415	0
GB40228	11
GB42429	5
GB41140	1
GB47390,GB48849	3
GB40445	0
GB40020	0
GB51614	2
GB47815	3
GB55900	1
GB46896	6
GB54396	1
GB47772	0
GB54504	7
GB45698	1
GB41369	3
GB43848	0
GB40968	14
GB44483	1
GB44209	3
GB44069	1
GB54020	1
GB44571	1
GB42845	5
GB52236	3
GB41225	1
GB51604	0
GB44654	2
GB45627	6
GB55098	0
GB55570	0
GB43873	0
GB54974	0
GB50980	2
GB55355	0
GB51008	0
GB44764	0
GB54102	0
GB43229	0
GB44518	0
GB53417	1
GB43598	14
GB53627	0
GB54940	9
GB45113	0
GB44937	1
GB55685,GB43779,GB43779	10
GB42702	0
GB54564	3
GB51674	0
GB54255	2
GB49418	2
GB54838	0
GB41150	18
GB54646	1
GB44140	1
GB52120	1
GB44141	9
GB51843	6
GB48018	6
GB46900	8
GB47097	0
GB49777	3
GB44040	1
GB43638	1
GB50942	0
GB51109,GB51172	20
GB47497	4
GB49453	1
GB46056	0
GB43378	2
GB51051	1
GB55482	0
GB47268	0
GB46617	4
GB43169	2
GB54397	5
GB48037,GB48037	5
GB51746	2
GB41090	15
GB51256	0
GB45624	1
GB51561	0
GB41118	3
GB50016	2
GB46274	2
GB41224	1
GB55625	0
GB53361	4
GB41199	3
GB47833	0
GB48103	0
GB41158	0
GB41050	4
GB42549	3
GB52505	4
GB55479	0
GB51626	1
GB55063	9
GB42834	3
GB55011	0
GB55224	2
GB54895	7
GB41802	0
GB44868	3
GB53332	5
GB54184	1
GB46034	0
GB43194	0
GB51597	1
GB49071	5
GB47565	11
GB54190,GB54188	1
GB42758	0
GB40230	0
GB51739	0
GB43053	16
GB50699	1
GB55443	0
GB42398	1
GB50579	0
GB45543	2
GB46373	0
GB42448	2
GB40984	0
GB48978	2
GB52781	1
GB45561	3
GB47819	2
GB55260,GB46835	2
GB41859	0
GB52422	0
GB49758	4
GB48991	6
GB40868	0
GB51535	0
GB44694	1
GB53128	0
GB53799	0
GB46688	3
GB42335	5
GB52283	5
GB44444	0
GB51075	4
GB47992	0
GB42172	2
GB51434	1
GB50467	0
GB44678	1
GB53422	3
GB48652	1
GB46277	4
GB48220	1
GB52186	21
GB52115	5
GB41392	1
GB52912	0
GB40872	0
GB53221	11
GB53081	1
GB47954	5
GB48763,GB48760	3
GB46944,GB46932	3
GB47723	6
GB40429	1
GB52419	1
GB50131	2
GB49370	9
GB44230	7
GB53853	0
GB43485	1
GB50993	0
GB54519	4
GB49359	0
GB53880	17
GB50532	0
GB48349	0
GB50519	0
GB41522	0
GB44705	0
GB47143	6
GB43417	1
GB51627	5
GB49984	1
GB45730	1
GB49101	0
GB50680	0
GB49829	4
GB40700	3
GB41452,GB41453	3
GB43791	3
GB56001	1
GB51272	8
GB41779	16
GB55250	0
GB45944	0
GB49471	0
GB41134	2
GB48111	0
GB52516	1
GB51279	0
GB45764	3
GB52749	2
GB41770	2
GB46364	6
GB49443	1
GB49918	3
GB51838	3
GB48636	0
GB49536	1
GB52152	3
GB44461	3
GB42019	2
GB52842,GB54500	1
GB45877	1
GB42266	0
GB49948	0
GB42931	4
GB54796	0
GB52819	1
GB50889	1
GB54317	13
GB52568	2
GB53395	0
GB48908	4
GB55431	1
GB53235	1
GB49830	2
GB55602	9
GB55269	0
GB42667	1
GB46785	2
GB46844	1
GB53360	1
GB47283	6
GB49640	1
GB51753	7
GB40218	2
GB54047	0
GB55542	0
GB41334	2
GB55773	8
GB41131	3
GB45822	6
GB50216	4
GB52802	2
GB42677	2
GB45099	2
GB51994	1
GB50624	2
GB42800	0
GB55795	5
GB47212	1
GB41877	1
GB42970	0
GB49083	3
GB52053	4
GB52695	2
GB45334	1
GB50275	3
GB55705	11
GB52757	1
GB41133	4
GB42049	0
GB43544,GB54618	0
GB49614	4
GB53774	8
GB53728	6
GB48258	8
GB50761	19
GB48388	6
GB47617	2
GB50268	0
GB55004	3
GB52578	1
GB49866	1
GB51463	2
GB45477	1
GB52694	1
GB44612	2
GB52489	6
GB54350	4
GB54993	16
GB49706	6
GB50968	3
GB44734	0
GB42419	0
GB50480	2
GB45279	2
GB51757	0
GB54976	3
GB48128	0
GB40146	1
GB54653	0
GB44080	2
GB52990	3
GB55116	15
GB51941	8
GB42769	8
GB55322	1
GB44120,GB48510	12
GB46077	2
GB48233	1
GB51543	1
GB42753	0
GB53270	0
GB51701	0
GB55566	0
GB48965	4
GB43872	1
GB46437	1
GB55372	0
GB40344	4
GB55103	0
GB42816	6
GB46975	4
GB42628	5
GB45303	2
GB47392	1
GB44973	5
GB53184	14
GB55220	6
GB43011	7
GB42556,GB42556	6
GB47951	3
GB48048	7
GB44435	5
GB42878	4
GB52814	6
GB40395	0
GB43937	6
GB51703	6
GB43089	2
GB41120	3
GB40012	0
GB48697	3
GB45546	1
GB45263	0
GB52420	1
GB41737	0
GB42704	1
GB52525	5
GB46644	6
GB51200	3
GB51675	2
GB43574	0
GB45984	10
GB53027	0
GB53925	19
GB42637	6
GB53381	3
GB50737	9
GB46747	3
GB42880	2
GB43300	5
GB43778	1
GB42881	1
GB50607	2
GB47472	2
GB41097,GB48081	9
GB49934	2
GB40490	0
GB55613	1
GB44576	0
GB49661	1
GB48147	3
GB51214	0
GB52894	5
GB52782	0
GB42600	1
GB50513	0
GB43859,GB52657	9
GB50333	0
GB45157	0
GB50981	6
GB51691	2
GB40707	5
GB46276,GB46318	5
GB43630	1
GB47327	4
GB51740	0
GB46528,GB46528	9
GB47747	3
GB44298	2
GB55816	5
GB47332	0
GB40607	8
GB53826	0
GB47431	1
GB55469	5
GB44990	0
GB54525	6
GB41295	1
GB55533	1
GB41664	0
GB53827	1
GB41762	0
GB49364	3
GB46979,GB41279	0
GB46882	2
GB44693	0
GB45227	0
GB46182	0
GB47402	18
GB48277	5
GB55360	0
GB46626	2
GB46771	6
GB46460	3
GB42324	0
GB51408	1
GB46462	0
GB50555	1
GB47802	1
GB42798	4
GB46142	3
GB51540	0
GB40279,GB42570	5
GB47837	3
GB44583	1
GB53769	6
GB48155	1
GB40723	0
GB49771	0
GB44989	10
GB45636	0
GB44096	3
GB52250	7
GB48373,GB48374	0
GB50252	0
GB43472	9
GB51287	1
GB42772	1
GB53696	1
GB50450	0
GB42795	1
GB53490	12
GB40955,GB40955	0
GB45159	2
GB47538	3
GB44631	1
GB45020	0
GB55988	12
GB43402	0
GB40727	1
GB48432	4
GB55595	11
GB54837	1
GB51553	1
GB50994	2
GB46787	0
GB44967	2
GB54385	0
GB49308	3
GB40032	1
GB41627	10
GB50558	0
GB41916	2
GB45558	0
GB55397,GB54901	4
GB47012	0
GB42432	2
GB44101	3
GB55395	2
GB40243,GB43677,GB40330,GB49010	7
GB45393	2
GB45143	1
GB41743	11
GB54266	2
GB43759	17
GB47345	1
GB53247	3
GB40969	6
GB49189	1
GB44492	0
GB41093	3
GB41848	3
GB43307	2
GB40663	13
GB50834	11
GB48356	0
GB44756	1
GB54860,GB42572	7
GB42227	2
GB55933	2
GB49594	2
GB47952,GB47953,GB47953	23
GB42944	1
GB41115	4
GB42746	2
GB52762	0
GB46496	13
GB42871	0
GB44803,GB51243	9
GB42820	1
GB48627	8
GB53648	12
GB43147	0
GB55987	0
GB50578	2
GB48535	2
GB46014	0
GB55420	1
GB49299	2
GB40776	0
GB52506	2
GB47008	0
GB40715	11
GB45933	1
GB42940	1
GB55768	1
GB40454	1
GB44367,GB48228	17
GB40489	1
GB44755	4
GB49519	2
GB45158	1
GB51106	0
GB49611	1
GB47726	4
GB50734	1
GB55712	5
GB41801	1
GB44203	16
GB41658	4
GB40560	0
GB43846	1
GB43826	2
GB48656	16
GB50677	1
GB40120	1
GB53085	4
GB48698	3
GB40861	2
GB49352	3
GB41316	11
GB45075	0
GB50633	1
GB46387	1
GB46153,GB46153	11
GB45537	6
GB54253	2
GB46219,GB46219	4
GB51761	2
GB44093	17
GB42109	5
GB49666	1
GB46986	2
GB53091	0
GB49021	0
GB50423	9
GB50479	5
GB51690	2
GB48622	7
GB44895	2
GB51648	2
GB41470	1
GB45657	13
GB40232	0
GB40514	2
GB54776	4
GB41917	2
GB44192	9
GB51584	2
GB46268	0
GB52630	5
GB54719	4
GB53435	2
GB50413	2
GB44560	3
GB55477	0
GB47905	22
GB41858	1
GB54484	1
GB41180,GB41180	2
GB41152	1
GB53019	0
GB40611	2
GB40595	3
GB54577,GB54577	8
GB48924	5
GB54829	1
GB51482	2
GB42193	1
GB42330	1
GB48874	3
GB44443	1
GB45949	11
GB42823	6
GB41946	2
GB42175	2
GB51251	1
GB47767	3
GB40095	0
GB48944	3
GB49831	1
GB40309	0
GB51889	0
GB55605	0
GB45824	0
GB49735	9
GB43129	8
GB46876	1
GB46259	1
GB50732	1
GB54831	1
GB41025	1
GB44726	0
GB46156	2
GB50522	6
GB49705	4
GB42697	2
GB44329	6
GB46645	0
GB51208	3
GB49487	3
GB54451	1
GB54419	18
GB43902	9
GB43877	6
GB48926	0
GB44672	12
GB48255	2
GB49999	2
GB50073	0
GB50004	0
GB46245	1
GB50766	10
GB54997,GB54997	9
GB53229	0
GB41337	16
GB52911	6
GB48225	1
GB52620	1
GB45859	0
GB51551	1
GB50661	0
GB48063	4
GB40472	11
GB51192	0
GB40494	3
GB50562,GB50562	0
GB47803	3
GB45039	0
GB44692	0
GB42641	4
GB47040	7
GB53222	2
GB53664	2
GB46761	2
GB54341	0
GB46141	1
GB40876	2
GB53152	1
GB47995	2
GB44281	0
GB50172	4
GB42799	3
GB55562	7
GB54673,GB54673	2
GB44166	5
GB40084	1
GB41977	4
GB51707	6
GB41525	0
GB50136	2
GB55977	2
GB54192	1
GB50092	6
GB47734	2
GB55564	1
GB45763	1
GB46720	2
GB50112	1
GB47469	1
GB50740	2
GB44681	2
GB55760	2
GB53792	8
GB49024	1
GB49424	9
GB40139	1
GB50572	4
GB46051	0
GB55303	0
GB50886	0
GB47028	2
GB54211	1
GB46911	0
GB49828	1
GB44413	1
GB53402	0
GB40467	0
GB49079	3
GB47603	6
GB51534	1
GB54697	1
GB52284	2
GB45841,GB52088	4
GB53355	10
GB46064	8
GB45617	0
GB44749	2
GB55581	1
GB47590	4
GB42858	0
GB49588	0
GB48322	10
GB40681	21
GB53401	1
GB44609	2
GB52511	0
GB50549	13
GB54327	7
GB46702	8
GB50552	0
GB49165	1
GB43956	5
GB42679	0
GB41973	3
GB43176	1
GB48845	0
GB42913	12
GB46764	2
GB48163	1
GB43924	12
GB51722	1
GB45656	0
GB52033	2
GB48414	3
GB48646	2
GB55062	3
GB46052	0
GB48543	1
GB43117	0
GB48265	0
GB42104	11
GB48538	0
GB43232	1
GB44297	6
GB53258	4
GB49795	8
GB51666,GB51666	0
GB49914	1
GB49655	5
GB47247	0
GB53707	0
GB54330	1
GB40399	1
GB51565	1
GB44831	5
GB43694	3
GB49244	1
GB50832	2
GB51564	0
GB54749	8
GB54298	0
GB41711	4
GB43116	1
GB43034	2
GB52689	2
GB53246	1
GB40170	6
GB45076	1
GB53317	1
GB49597	1
GB46654	1
GB50815	3
GB47881	1
GB53945	0
GB41148	3
GB50425	25
GB45844	0
GB42961	4
GB45167	6
GB43301	0
GB51996	0
GB51123	0
GB45431	1
GB48065	8
GB55529	1
GB49095	1
GB48631	1
GB54191	4
GB42952	1
GB54817,GB40253	3
GB44108	6
GB54741	1
GB47103	2
GB44345	0
GB51914	2
GB42902	10
GB42381	1
GB46707	3
GB54186	3
GB46313	3
GB46652	1
GB51781	9
GB47577	0
GB41296	7
GB45088	9
GB50728	0
GB53047	7
GB45122	0
GB51044	2
GB49332	0
GB52036,GB52036	0
GB50620	5
GB46544	2
GB40108	1
GB53151	1
GB41697	1
GB43731	1
GB47781	2
GB55983	1
GB46149	6
GB41720	1
GB53663	1
GB42787	6
GB41202,GB41202	0
GB43809	5
GB55472	2
GB48634	5
GB42111	4
GB53950	1
GB54345	6
GB55608	6
GB52962	20
GB45352	1
GB43223	2
GB50455,GB51663	1
GB42431	1
GB47433	2
GB40590	3
GB50651	1
GB42953	8
GB55522	1
GB44131	5
GB40073	0
GB48268	0
GB55692	2
GB46881	2
GB47441	1
GB48127	0
GB45264	1
GB42288	21
GB51011	2
GB50654	12
GB55885	1
GB54677	0
GB55800	2
GB48047	1
GB50255	1
GB43806	10
GB45513	6
GB41231	1
GB40800	3
GB46581	2
GB43875	5
GB48699	4
GB44464	6
GB43429	1
GB48369	1
GB53513	2
GB41878	3
GB43761,GB53593,GB50540	13
GB54846	9
GB47629	0
GB41543	2
GB43540	1
GB45945	8
GB43481	3
GB50363	2
GB45449	1
GB54448	1
GB44294	4
GB40558	12
GB52648	2
GB50817	1
GB53549	0
GB50355	1
GB52730	2
GB53015	1
GB52977	3
GB49607	7
GB45432	9
GB48267	4
GB44170	0
GB47157	14
GB54701	0
GB52513	1
GB44204	0
GB51623	0
GB46962	1
GB42698	4
GB55014	1
GB54587	2
GB41915	8
GB52059	0
GB41905	2
GB44701,GB44701	4
GB50079	5
GB44085	1
GB48250	1
GB52514	2
GB49580	11
GB40745	1
GB44452	5
GB55393,GB55392	10
GB47467	6
GB40493	0
GB54439,GB54439	0
GB49773	2
GB48402	0
GB42276	8
GB50147	2
GB48459	15
GB46604	5
GB48465	1
GB49028	1
GB52986	0
GB47191	4
GB54421	1
GB51839,GB55468	10
GB47186	3
GB41970	0
GB54108	4
GB41806	1
GB42562	4
GB46243	1
GB41317	2
GB55873	0
GB42852	5
GB40879	1
GB45493	1
GB49110,GB49110	1
GB42897	2
GB45181	0
GB48659	0
GB54517	12
GB44708	7
GB54761	4
GB48333	0
GB44903	0
GB51427	1
GB47178	2
GB40890	2
GB55642	1
GB46194	7
GB48602	3
GB46639	5
GB45450	16
GB49341	2
GB52773	4
GB42302	4
GB47093	1
GB48299	7
GB49119	0
GB51076	4
GB45940	3
GB54447	2
GB43735	0
GB55005	6
GB41703	2
GB54221	2
GB52009	1
GB48400	3
GB55947	14
GB43858	1
GB47310	2
GB50007	6
GB45171	8
GB45909,GB45913	7
GB50833	3
GB40426	6
GB54521	5
GB45674	2
GB55927,GB55924,GB43802,GB55924,GB42602,GB48735,GB48735,GB48735,GB48735	23
GB49417	2
GB54258	1
GB44460	1
GB43208	5
GB42809	0
GB42449	2
GB49516	1
GB47023	1
GB55643	0
GB41335	1
GB47994	8
GB48694	8
GB46978	1
GB53548	2
GB48082	2
GB51014	0
GB49809	4
GB51244	7
GB46443	0
GB42860	1
GB43482	0
GB47238	0
GB50507,GB50507	2
GB46060	5
GB53415	1
GB41903	3
GB45908	3
GB49585	1
GB52258	2
GB50123	0
GB45635	1
GB46215	3
GB53228	2
GB47943	6
GB49226	1
GB53190	1
GB40219	4
GB50938	0
GB45358	1
GB52674	3
GB54223	8
GB54254	2
GB53082	2
GB52796	1
GB43624	3
GB52531	0
GB46476	4
GB42625	7
GB54326	4
GB53186	1
GB44237	0
GB41039	1
GB51498	0
GB49641	5
GB45560	1
GB53699	0
GB55748	1
GB50550	6
GB48366	1
GB41018,GB41018	0
GB51005	2
GB42736	1
GB50600	2
GB44147	1
GB46334,GB41275	0
GB44490	1
GB51046	2
GB53418	2
GB46985	1
GB49013	1
GB40789	20
GB47401	0
GB44960	2
GB55081	1
GB50634	0
GB49305	2
GB46945	4
GB47304	2
GB42998	2
GB40833	4
GB47983	19
GB48205	3
GB53811	3
GB53652	4
GB46475	1
GB44938	5
GB43990	2
GB42635	18
GB49629	1
GB50784	0
GB51590	3
GB51741	1
GB53410	0
GB50067	1
GB40634	3
GB50095	1
GB50731	0
GB55139	1
GB54433	1
GB55318	0
GB55989	2
GB40686	5
GB50597	6
GB55082	1
GB55944	2
GB44704	0
GB44077	4
GB46013	1
GB46084	9
GB43632	1
GB45446	19
GB46395	2
GB52596	1
GB41376	0
GB45192	1
GB49029	1
GB40103	13
GB53885	6
GB43900	3
GB47136	0
GB45444	3
GB47733	7
GB45865	2
GB42552	1
GB46534	2
GB44789	8
GB52666	2
GB55835	2
GB49463	0
GB40949	3
GB48079	13
GB46074	0
GB53483	19
GB40355	1
GB46909	0
GB52889	3
GB49903	3
GB44695	2
GB42691	2
GB53717	3
GB51732	10
GB53348	5
GB40749	1
GB54480	0
GB50251	6
GB40655	1
GB53668	3
GB47834	0
GB54730	10
GB42490	13
GB47649	1
GB51342	2
GB44102	5
GB47107	4
GB45257	0
GB42643	0
GB48404	1
GB43999	7
GB43619	1
GB52919	8
GB44491	5
GB42999	2
GB51001	4
GB42376	1
GB53079	0
GB40887	1
GB45317	2
GB48359	0
GB45817	9
GB43161	0
GB55226,GB42571	2
GB47475	2
GB42877	1
GB53674	2
GB50565	2
GB42238	4
GB50574	1
GB51963	1
GB52163	6
GB43016	2
GB53615	12
GB49838	2
GB50580	2
GB44063	3
GB42168	1
GB48252	0
GB55296	2
GB51118	1
GB54752	2
GB54634	2
GB53636	7
GB48797	1
GB49545	4
GB46187	15
GB41313	3
GB51909	1
GB51714	3
GB47445	15
GB56017	2
GB45344	6
GB50564	3
GB50736	10
GB48771	3
GB54162	2
GB42404,GB51456,GB51456	21
GB54175	1
GB47606	2
GB47906	8
GB49429	5
GB53881	1
GB40221	3
GB55679,GB55684	3
GB42703	18
GB41181	1
GB49437	10
GB52159	10
GB54760	4
GB40444	2
GB49598	2
GB43688,GB43689,GB51436	10
GB50428	7
GB42332	10
GB45836	2
GB54979	1
GB45376	1
GB49287	3
GB46893	2
GB51433	2
GB50438	6
GB49573	0
GB42631	2
GB49178	2
GB50050	0
GB43780	2
GB52671	1
GB45569	0
GB52058	3
GB55617,GB55617	2
GB48104	1
GB47928	3
GB45670	1
GB42480	1
GB48860	0
GB50439	1
GB42057	0
GB40716	8
GB47104	4
GB51260	7
GB52447	3
GB43412	10
GB44054	0
GB49115	2
GB48219,GB48219	0
GB42957	11
GB51884	1
GB47321	12
GB51220	2
GB42972	16
GB53824	0
GB52465	3
GB46887	2
GB45961	4
GB40261	12
GB50563	2
GB46375	1
GB48974	2
GB46793	4
GB50831	1
GB40546	11
GB42825	8
GB50414	0
GB53024	0
GB51307	1
GB44600	14
GB55891	0
GB42745	2
GB55541	3
GB56028	3
GB49421	6
GB54469	1
GB53197	4
GB43124	0
GB53796	5
GB52780	0
GB41027	1
GB42912	7
GB53960	1
GB42797	0
GB43639	3
GB54632	22
GB51484	3
GB42705	0
GB42640	4
GB52710	1
GB53069	3
GB42173	1
GB51552	2
GB43063,GB43063	2
GB40882	2
GB44723	2
GB55612	1
GB45906	6
GB42939,GB42939	11
GB54746	1
GB53420	20
GB53141	2
GB40516	1
GB48259	1
GB46602	5
GB46388	5
GB47022,GB47020,GB47022	13
GB40801	2
GB50936	2
GB56036	2
GB48244	2
GB40501	4
GB49639	2
GB40877	5
GB54387	2
GB40377	7
GB50000	1
GB52442	3
GB40438	4
GB54966	10
GB48052,GB48052	6
GB51900	0
GB42780	0
GB55080	5
GB46912	2
GB46920	0
GB50825,GB48699,GB42590,GB44714	32
GB44988	0
GB41518	2
GB49451	0
GB44893	4
GB50277	0
GB43572	11
GB54518,GB54518	2
GB45312	3
GB55556	3
GB55938	0
GB42859	6
GB51228	2
GB49775	11
GB49392	0
GB49555	4
GB52184	9
GB54973	1
GB55683	2
GB47705	6
GB54964	1
GB55368	0
GB44781	4
GB46008	2
GB45074	8
GB41623	4
GB45035	4
GB42582	4
GB46750	2
GB44684	1
GB48796	2
GB44586	1
GB55656	4
GB51581	2
GB52220	6
GB52119	11
GB46011	0
GB49825	8
GB48424	5
GB46438	8
GB45374	1
GB52446	0
GB44877	0
GB41756	2
GB44528	6
GB49703	12
GB40240	1
GB40417	3
GB44066	9
GB50735	6
GB40307	3
GB49959	1
GB49410,GB48275,GB48274	14
GB48076	9
GB51793	3
GB48293	3
GB47728	3
GB48552	0
GB42851	1
GB44451	8
GB48843	7
GB41896	2
GB44985	1
GB51201	0
GB46425	1
GB55789	1
GB44012	9
GB53874	4
GB51132	1
GB43376	8
GB55219	5
GB41492	0
GB44725	2
GB54660	0
GB51913	0
GB52591	1
GB44374	3
GB41545	4
GB51127	7
GB42723	2
GB43478	2
GB52753	3
GB43708	0
GB44626	3
GB40080	3
GB47965	1
GB51957	2
GB42025	9
GB55417	1
GB52470	0
GB55013	0
GB48171	0
GB47725	5
GB54981	0
GB40821	9
GB54355	14
GB42155	0
GB48309	2
GB46449	1
GB55416	2
GB40618,GB40619	11
GB46170,GB46170	3
GB50702	10
GB55828	0
GB51598	0
GB47514	1
GB49986	12
GB47880	1
GB47109	1
GB44498	4
GB53649	6
GB55614	6
GB50951	1
GB50637	2
GB49728	1
GB51716	0
GB43581	4
GB49376	5
GB46057	0
GB48295	18
GB49221	0
GB45910	8
GB54588	0
GB47083	1
GB49161	0
GB47903	6
GB51676	6
GB43418	5
GB44434	1
GB52445	16
GB49631	21
GB53581	3
GB42087	5
GB55747	1
GB40391	4
GB53860	3
GB41283	4
GB41633	1
GB40434	0
GB50738	8
GB40708	3
GB50516	0
GB42205	1
GB45154	4
GB51635	3
GB44053	3
GB50641	0
GB55306	2
GB53658	7
GB40005	17
GB47181	0
GB40770,GB40769,GB53986,GB53986	22
GB51038	0
GB51600	5
GB50928	1
GB54335	3
GB51624	1
GB50284	1
GB50919	1
GB54733	1
GB48405	4
GB43279	3
GB47153	14
GB48335,GB48335	2
GB51787	2
GB50371	1
GB47663	3
GB47718	3
GB45712	3
GB54098	4
GB54134	7
GB52587	3
GB45752	0
GB43584	3
GB47259	1
GB42039	1
GB48743	12
GB55590	2
GB54043	9
GB45058	1
GB47694	2
GB42017	2
GB47508	0
GB51065	4
GB44453	3
GB40566	4
GB55769	12
GB47552	1
GB49864	0
GB43512,GB43508,GB43514,GB43510,GB43511,GB43509,GB45565	22
GB49360	6
GB52684	2
GB45843	4
GB43442	12
GB40591	4
GB42638	6
GB54882	8
GB44547	9
GB52783	2
GB48248	1
GB55593	8
GB49069	2
GB55752	3
GB41932	22
GB50604	5
GB41121	13
GB44660	1
GB55628	10
GB47623	1
GB48917	1
GB42896	8
GB51067	2
GB41580	3
GB50035	1
GB47095	6
GB48882	5
GB53625	1
GB46310	1
GB50336	8
GB54961	3
GB44686	0
GB42642	5
GB49170	0
GB49159	1
GB49177	1
GB44628	6
GB48755	1
GB50449	2
GB52824	3
GB49988	3
GB42264	1
GB43320	3
GB52994	2
GB49031	0
GB44462	0
GB44173	4
GB41968	1
GB52672	1
GB42177	3
GB47487,GB54960	10
GB50008	3
GB51537	0
GB50100	1
GB45249	1
GB48624	2
GB42265	1
GB52454	1
GB43815	2
GB42830	3
GB41757	5
GB48200	6
GB44016	1
GB43523	4
GB43962	10
GB42537	2
GB43629	0
GB49523	3
GB43354	22
GB54955	7
GB55396	1
GB53702	2
GB41831	1
GB42690	1
GB47753	1
GB54112	1
GB45187	15
GB50724	0
GB40600	3
GB48783	0
GB41011	9
GB48008	0
GB47305	6
GB54088	8
GB55450	9
GB54488	10
GB43288	4
GB48835	3
GB55852	0
GB50028	9
GB45211	0
GB49261	6
GB42456	6
GB55968	2
GB55365	1
GB51032	7
GB47227	0
GB45947	3
GB55572	2
GB50208	3
GB49798	11
GB40978	1
GB47986,GB47987	11
GB41907	1
GB49764	19
GB51204	1
GB50780	1
GB49812	0
GB53000	2
GB49802	2
GB50778	2
GB45743	0
GB45174	2
GB49001	7
GB51359	2
GB45977	1
GB48916	1
GB53424	7
GB47611	7
GB50567	12
GB50945	10
GB40441	2
GB42821	2
GB54652	4
GB41618	9
GB50109	5
GB54430	3
GB54528	4
GB49422	0
GB54352	8
GB55076	0
GB45024	2
GB46776	1
GB54984	1
GB43580	9
GB51213	2
GB43840	2
GB43560	2
GB53005	1
GB46502	0
GB40717	2
GB49757	0
GB53943	2
GB50280	0
GB41139	0
GB44991	2
GB41736	10
GB40389	1
GB54690	8
GB54104	4
GB40713	4
GB45704	5
GB49271,GB54905	4
GB54368	0
GB55860	12
GB52631	15
GB43651	18
GB53219	0
GB42863	2
GB44702	3
GB50049	12
GB46297	1
GB53675	9
GB42639	4
GB45610	8
GB41586,GB41586	0
GB40881	0
GB50343	0
GB50466	1
GB42755	1
GB55106	1
GB51735	1
GB44658	5
GB45445	17
GB54154	2
GB49660	11
GB40535	1
GB47396	0
GB43368	3
GB41198	0
GB46314	1
GB55598	0
GB45912	5
GB50183	0
GB42459,GB42459	15
GB46629	7
GB51483	1
GB55038	2
GB42887	5
GB51086	0
GB53955	0
GB50679	3
GB41484	0
GB52680	13
GB53626	1
GB46031	1
GB51382	8
GB51526	4
GB55934	7
GB45911	10
GB49403	0
GB54168	1
GB50566	16
GB54977	5
GB54346	2
GB46885	1
GB45832	14
GB50570	10
GB42435	12
GB54289	3
GB54349	13
GB41285	2
GB41446	0
GB45186	5
GB43506	1
GB52690	0
GB55901	9
GB44674	17
GB43422	3
GB48544	1
GB40211	0
GB40539	1
GB44370	5
GB53409	4
GB51183	19
GB45208	6
GB43750	1
GB51539	2
GB54691	2
GB54607	3
GB54194	0
GB43455	8
GB42089	1
GB44574	5
GB48862	9
GB51497	0
GB52750	2
GB44095	12
GB45252	3
GB50573	1
GB46904	0
GB48451	0
GB55101	1
GB49583	1
GB52735	0
GB48191	6
GB40589	1
GB50167	1
GB46413	14
GB52102	1
GB54970,GB52324,GB52326	24
GB50215	9
GB53297	3
GB49433	0
GB50668	7
GB42554	7
GB45405	15
GB52790	1
GB53078	12
GB55603	4
GB50727	1
GB40986	5
GB54685	5
GB47033	20
GB40759	1
GB50375	4
GB42179	18
GB48962	7
GB46076	7
GB52705	5
GB42366	3
GB42189	2
GB44561	12
GB50764	1
GB49624	7
GB45978	1
GB43287	5
GB41213	3
GB51943	0
GB54457	12
GB43776	3
GB48148,GB48148	3
GB54359	3
GB40393	8
GB52339	4
GB53194	0
GB49381	12
GB49097	10
GB44699	1
GB47991	0
GB46562	1
GB41635	8
GB49709	0
GB40387	8
GB46439	4
GB45433	1
GB41631	1
GB50559	3
GB52634	4
GB52524	5
GB49926	16
GB45172	2
GB50302	4
GB45565	12
GB48348	7
GB49944	1
GB50032	0
GB45726	0
GB44531	0
GB50904	5
GB44188	0
GB50885	3
GB43069	20
GB48966	2
GB51346	8
GB50906	3
GB51993	0
GB42260	22
GB54336	11
GB42488	0
GB52892	9
GB55961	4
GB43388	0
GB50873	3
GB44360	2
GB51903	6
GB45549	2
GB54233	6
GB42696	3
GB47670	7
GB55932	0
GB55231	4
GB45554	2
GB48202	4
GB49179,GB53761	2
GB40798	5
GB42906	5
GB43115	0
GB53406	1
GB54041	2
GB42995	5
GB50547	23
GB44520	2
GB45288	0
GB40966	8
GB48909,GB48910	4
GB47591	1
GB43517	10
GB48784	0
GB52632	5
GB54381	2
GB40795	4
GB41441	4
GB42520	3
GB46312,GB43670	1
GB51158	2
GB42539	5
GB42929	8
GB45740	2
GB48401	9
GB55222	2
GB44349	5
GB42749	1
GB55157	4
GB52512	5
GB55060	16
GB50589	1
GB46567	1
GB42629	2
GB54555	3
GB45946	3
GB40018	1
GB41871	1
GB52789	1
GB42778	1
GB46984	16
GB54195	7
GB41741	1
GB40873	3
GB45941	9
GB48095	2
GB48574	1
GB42741	7
GB42417	1
GB53493	7
GB45828	3
GB41362	1
GB44607	20
GB46817	7
GB55435	7
GB47029	3
GB41183	3
GB44160	4
GB45380	4
GB43303	1
GB54183	1
GB40436	3
GB40013	3
GB42146,GB55452	0
GB46958	3
GB50453	3
GB51012	9
GB47248	4
GB42986	2
GB49002	15
GB53326	9
GB46409	3
GB54100	2
GB41990	13
GB45141	16
GB48981	7
GB53193	7
GB42612	4
GB54240	4
GB54945	17
GB53090	8
GB53957	0
GB50693	7
GB41583	1
GB52116	1
GB48332	6
GB47381,GB44760,GB47483,GB47507,GB52976	14
GB50903	12
GB51571	2
GB41622	1
GB47721	9
GB50671	18
GB55095	6
GB54113	2
GB50398	10
GB53488	11
GB41289	3
GB50870	3
GB43306	7
GB41068	3
GB42857	6
GB50247	8
GB41284	8
GB55547	7
GB55597	7
GB42195	3
GB40209	1
GB54814	0
GB48537	12
GB51977	1
GB50571	8
GB52688	2
GB41950	11
GB53819	1
GB42624	2
GB48824	3
GB52071	2
GB43822	2
GB48781	1
GB52663	2
GB54816	2
GB54046,GB54046	7
GB53887,GB53887,GB53888	11
GB52103	6
GB44195	7
GB46733	3
GB44128	12
GB42533	5
GB47266	5
GB53951	7
GB49502	8
GB46228,GB46226,GB46222,GB46224,GB46230,GB46223,GB46227	16
GB42372	2
GB46748	3
GB44552	0
GB47569	3
GB53770	1
GB56016	1
GB48433	5
GB47902	1
GB49994	1
GB44300	1
GB48224	3
GB53887	11
GB42754	6
GB54301	1
GB42607	6
GB53669	1
GB55235	5
GB45562	3
GB54343	0
GB51330	4
GB51370	19
GB44645	11
GB46630	1
GB41161	0
GB50009	6
GB41669	5
GB48680	2
GB51978	3
GB52497	1
GB41619	5
GB41809	3
GB47927,GB47926	8
GB54103	7
GB46535	0
GB40148	8
GB43237	4
GB54312	11
GB43120	1
GB41948,GB41948	2
GB53514	16
GB40447	11
GB40297	3
GB55100	1
GB51475,GB42737	10
GB47183	4
GB55923	14
GB49102	2
GB47771	4
GB42053	7
GB55558	4
GB49167	0
GB49503	17
GB48681	8
GB40810	3
GB52806	1
GB50477	6
GB55604	3
GB41418	9
GB51224	3
GB53171	0
GB41987	3
GB47610,GB47610	1
GB53369	15
GB40862	2
GB44026	7
GB42581	9
GB52528	8
GB43315	1
GB51918	6
GB47465	2
GB54393	1
GB52121	2
GB54296	3
GB45653	3
GB47331	0
GB47137	2
GB54280	1
GB44206	2
GB51656	1
GB49462	4
GB44356	5
GB43086	1
GB41411	0
GB40110	14
GB49365	2
GB52433	3
GB43633	2
GB45956	0
GB51107	8
GB54681	1
GB50733	3
GB44744	7
GB55191	1
GB50102	0
GB49522	3
GB48679	5
GB51712	2
GB43151	3
GB47679	0
GB46540	0
GB50210	1
GB44219	15
GB51991	1
GB42078	0
GB44777	3
GB44417	0
GB46190	2
GB43844	1
GB49386	6
GB53655	2
GB54524	8
GB44886,GB44886	1
GB49865	0
GB47822	2
GB43686	1
GB55814	7
GB43102,GB43037	0
GB50723	7
GB53722	1
GB40092	9
GB47485	13
GB46299	6
GB41191	8
GB48830	10
GB52803	2
GB41638	2
GB51920,GB51920	6
GB44559	2
GB49972	11
GB55895	2
GB46298	4
GB40457	7
GB43903	0
GB49565	12
GB45660	1
GB40299	8
GB41412	2
GB50918	1
GB50124	11
GB53368	14
GB48696	15
GB40653	0
GB42318	1
GB51899	5
GB46797	9
GB51174	9
GB55140	2
GB42926	1
GB55782	4
GB54924	9
GB42725	3
GB52888	2
GB53492	9
GB46762	3
GB46517	4
GB44942	1
GB44033	0
GB48791	12
GB52644	0
GB40819	10
GB42888	16
GB48975	6
GB47592	5
GB48358	2
GB44084	4
GB40536	5
GB46172	9
GB42585	1
GB46179	1
GB47741,GB50718	7
GB46343	22
GB44929	3
GB53110	1
GB50830	6
GB46734	1
GB50389	5
GB46587	16
GB43537	1
GB55680	1
GB50029	0
GB55471	11
GB52539	2
GB43852	0
GB44022,GB54596	15
GB50656	5
GB53037,GB53127	7
GB43696	10
GB43927	18
GB47505,GB47408,GB44339,GB44339	8
GB50012	4
GB50883	6
GB45616	7
GB50612	11
GB53703	3
GB47821	4
GB53367	11
GB47840	6
GB48844	13
GB44340	0
GB51636	3
GB49405	9
GB42018	8
GB46946	8
GB42627	8
GB46619	5
GB43367	6
GB48700	16
GB54133	6
GB50230	1
GB51585	5
GB41774	2
GB41663	3
GB41361	6
GB53164	17
GB43501	10
GB46272	11
GB45523	4
GB48217,GB48217	12
GB50068	6
GB53917	12
GB55635	10
GB52832	7
GB40011	12
GB46819	6
GB41359	2
GB46648	4
GB51850	19
GB41665	12
GB52833,GB52833	13
GB53539	3
GB53018	0
GB47940	1
GB54462	0
GB50982	7
GB50283	16
GB50179	13
GB48423	0
GB43201	4
GB41719	3
GB42311	3
GB42662	3
GB41953	9
GB46680,GB47004	7
GB54836	8
GB52428	7
GB49992	1
GB43534	5
GB47877	6
GB47506,GB47482	22
GB51460	14
GB44051	8
GB44019	1
GB55827	0
GB50478	13
GB55708	2
GB48338	2
GB49938	6
GB40606	8
GB51222	10
GB46213	1
GB41151	0
GB54962	14
GB44998	7
GB43449	2
GB44068	3
GB42927	9
GB50408	4
GB54732	2
GB48832	10
GB40492	2
GB49057	15
GB48484	1
GB50676	9
GB49848	9
GB47724	3
GB41267	1
GB51579	2
GB47054	0
GB42178	2
GB42307	3
GB48713	18
GB53935	4
GB52161,GB52202,GB52203	16
GB42608	3
GB52637	3
GB45545	0
GB52027	6
GB48780	4
GB52660	20
GB53252	10
GB40722	5
GB50840	6
GB44318,GB44318,GB44318,GB44318	9
GB40448	1
GB47605	2
GB42688	6
GB45505	5
GB51146	8
GB41780	8
GB45731	1
GB48668	9
GB47364	18
GB53077	3
GB42663	21
GB45496	2
GB40828	14
GB40892	3
GB52698	6
GB48819	12
GB40165	3
GB49085	4
GB51253	0
GB55065	19
GB42910	7
GB41398	0
GB46845	0
GB48701	6
GB53795	13
GB55920	2
GB50044	2
GB41818	5
GB53946	3
GB52501	8
GB45026	3
GB55068	15
GB49987	3
GB42980,GB42980	3
GB47176	2
GB50520	1
GB47542	1
GB50296	0
GB54554	8
GB52468	1
GB40314	15
GB45010	3
GB45989	18
GB46815	10
GB47481	1
GB50530	9
GB48038	8
GB48472	5
GB46777	1
GB44503	6
GB41648	1
GB44683	2
GB54662	11
GB41078	3
GB44994	1
GB52758	16
GB51997	6
GB40338	1
GB47034	10
GB48586	14
GB42182	9
GB45434	3
GB42410	3
GB46440	0
GB41157	0
GB51736,GB41015	6
GB42599	11
GB48770	15
GB44104	1
GB47886	0
GB40860	21
GB46503	4
GB50376	15
GB50601	2
GB52786	5
GB55242	11
GB48407	6
GB53485	23
GB50611	11
GB51566	9
GB40056	3
GB50335	1
GB41210	5
GB41709	11
GB53947	4
GB48439	5
GB47707	19
GB51617	1
GB53776	9
GB43091	6
GB42716	5
GB50529	8
GB49779	3
GB48554	14
GB47830	8
GB45396	4
GB50451	7
GB45957	2
GB41084	3
GB43934	18
GB50937	9
GB55817	0
GB46197	13
GB43156	4
GB53200	3
GB51853,GB51853	15
GB55427	5
GB49857	2
GB42370	6
GB53116	6
GB53405	6
GB44608	0
GB51050	6
GB50917	1
GB43703	8
GB49786	9
GB50481	11
GB55030	5
GB44986	9
GB51485	21
GB46595	4
GB47116	9
GB50746	3
GB45209	10
GB54963	11
GB41303	1
GB46601	3
GB42305	18
GB54148	12
GB54654	7
GB53031	6
GB43642	18
GB55111	0
GB53886	5
GB48831,GB48833	18
GB54390	6
GB50241	4
GB40396	14
GB47745	2
GB45742	7
GB49572	3
GB53112	11
GB55379	15
GB51625	4
GB42228	13
GB42088	4
GB48314	4
GB53733	14
GB50905	10
GB44153	3
GB51420,GB51420	9
GB46899	3
GB45838	6
GB49220	2
GB55473	2
GB40311	17
GB50005	4
GB41236	17
GB47993	9
GB51449	22
GB53892	21
GB43823	19
GB55150	10
GB41428	11
GB48373	6
GB54969	9
GB55749,GB53749	20
GB50356	5
GB40252	4
GB45661	3
GB50220	14
GB50116,GB50121,GB45614,GB45614,GB49510	23
GB47027	20
GB51003	10
GB43951	2
GB50119	11
GB54126	21
GB45469	10
GB45476	2
GB49526	23
GB53010	6
GB42907	9
GB47859	12
GB43538	4
GB41733	6
GB53371	11
GB47618	15
GB54734	5
GB41655	14
GB41657	11
GB41589	11
GB49993	10
GB40937	7
GB46220	5
GB50149	18
GB48391	9
GB53504	20
GB42151	7
GB44399	11
GB41251	20
GB45629	9
GB42717	6
GB47371	18
GB41686	5
GB55561	3
GB44870	13
GB47464	19
GB50613	8
GB46288	10
GB49606	3
GB41228	9
GB52685	3
GB46453	8
GB49581	20
GB53484	20
GB43923	19
GB55966	4
GB43434	24
GB55057	16
GB41383,GB41383	5
GB53044,GB49554	12
GB53358	1
GB55169	15
GB46585	12
GB51301	14
GB47650	14
GB51206	8
GB54384	2
GB40331	18
GB42908	16
GB48842	6
GB44050	12
GB51695	10
GB43569	2
GB55615	8
GB47520	6
GB42767	11
GB49234	1
GB47612	5
GB40820	22
GB53863	7
GB41728	21
GB53263	22
GB53372	17
GB46668	14
GB51939	10
GB50775	19
GB41699	16
GB40093	5
GB48256	12
GB46250	6
GB51979	7
GB47754	7
GB47000	11
GB51304	7
GB48956	11
GB55298	7
GB40462	14
GB49225	8
GB46385	23
GB53930	10
GB43444	6
GB44189	9
GB54914	5
GB42287,GB53911,GB53978	20
GB40094	3
GB50888	9
GB50084	18
GB53211	22
GB52318	9
GB43440	8
GB40616	11
GB53622	9
GB50118,GB50120	9
GB42623	7
GB43112	10
GB50324	9
GB46412	18
GB42911	14
GB43476	18
GB55718,GB55718	10
GB52831	8
GB42621	6
GB48342	10
GB46399	12
GB41772	9
GB48149	9
GB44892	9
GB41620	10
GB51989	21
GB48958	8
GB50528	13
GB52248	16
GB53623	9
GB54489	7
GB54553	9
GB54455	7
GB54424	8
GB44100	10
GB53748	7
GB53125	7
GB42373	16
GB52205	12
GB52384	11
GB52408	11
GB54068	11
GB52886	13
GB40276	22
GB44385	12
GB48851	11
GB52887	16
GB43268	11
GB44001	16
GB51774	11
GB48287	11
GB45745	11
GB48184	11
GB50868	11
GB46637	12
GB41096	11
GB42132	12
GB53279	18
GB53903	11
GB47912	11
GB53620	11
GB52859	13
GB54629	11
GB43274	11
GB54824	16
GB51594	18
GB49252	20
GB55342	11
GB46163	12
GB50263	24
GB41587	16
GB54665	12
GB40045	20
GB46198	16
GB43322	11
GB42003	20
GB54620	16
GB40210	10
GB52267	11
GB52863	11
GB48041	12
GB40959	9
GB41594	11
GB51378	11
GB48073	15
GB53884	11
GB55851	10
GB40173	11
GB45781	12
GB42602	10
GB48212	11
GB49035	11
GB43072	11
GB42121	16
GB49815	20
GB41578	11
GB56037	20
GB44324	23
GB55924	18
GB44234	16
GB53511,GB45482,GB46350	13
GB52860	21
GB50326	13
GB46841	18
GB49547	11
GB40571	20
GB42122	13
GB43764	20
GB50502	11
GB40036	24
GB53498,GB53498	10
GB40040	22
GB45079	13
GB41535	11
GB46103	11
GB45954	10
GB46110	11
GB40111	11
GB50710	16
GB43547	11
GB44274	11
GB40125	10
GB50058	10
GB43050	11
GB53370	12
GB40178	20
GB41022,GB41023,GB43647,GB43765	11
GB46527,GB46527	11
GB52970	11
GB42345	13
GB42684	11
GB51294	14
GB53559	11
GB51184	12
GB41812	11
GB46993	11
GB46417	11
GB41380	11
GB44105	11
GB52549	11
GB47484	11
GB43994	13
GB48902	13
GB42123,GB46990	16
GB55726	11
GB43299	11
GB46518	10
GB47090	10
GB43535	11
GB52317	11
GB50227	12
GB55064	20
GB41637	11
GB52571	11
