gene	EXP
GB44089	3
GB40008	3
GB55781	5
GB47976	6
GB47946	6
GB46705	1
GB51956	2
GB47470	0
GB55650	4
GB52098	4
GB52252	1
GB47452	1
GB44587	0
GB54468,GB49507	0
GB41196	8
GB40498	0
GB50114	2
GB43870	4
GB49951	2
GB54130	1
GB47938	0
GB50548	0
GB49929	0
GB52848	1
GB51673	3
GB44262	0
GB46325	2
GB51545	2
GB51405	1
GB53320	2
GB43214	0
GB46253,GB46253	3
GB51191	2
GB54884	1
GB42359	1
GB55490	1
GB41989	5
GB41850	3
GB42374	0
GB49432	0
GB51773,GB46836	2
GB45073	1
GB51344	0
GB53315	2
GB49187	0
GB53554,GB53558,GB53558	8
GB47009	1
GB41468	3
GB42489	4
GB48853	0
GB43459	1
GB51104	2
GB47628	1
GB41847	1
GB55143,GB41007	1
GB41119	3
GB52997	1
GB44685	0
GB53104	1
GB53929	1
GB42976,GB42975,GB42976	2
GB45260	1
GB40993	0
GB49601	0
GB40010	0
GB42022	0
GB55375	1
GB51276	0
GB44485	4
GB49872	1
GB41852	2
GB47688	0
GB46321	0
GB46736	0
GB44218	3
GB48972	0
GB46795	0
GB43611	1
GB41634	1
GB44213,GB52278	2
GB52613	3
GB48355	2
GB55591	2
GB49149	2
GB45823	1
GB44905	0
GB48693	0
GB52985	0
GB45281	0
GB51998	0
GB42495	1
GB40993,GB53008	1
GB49106	0
GB41745	1
GB51619,GB51619	6
GB44183	1
GB46140	0
GB54507	1
GB48515	3
GB49336	2
GB40140	1
GB52306	1
GB55538	0
GB45717	0
GB54912	3
GB53340	3
GB47581	1
GB49767	1
GB43771	2
GB52213,GB52213	2
GB42035	0
GB52621	0
GB53959	1
GB54235	2
GB42508	2
GB50923	2
GB55808	0
GB54777	3
GB41645	2
GB50498	0
GB47190	3
GB47879,GB47879	1
GB53909	0
GB50853	0
GB44673	0
GB40808	1
GB46270	0
GB46614	5
GB48825	1
GB54320	2
GB52574	1
GB49346	2
GB55020	0
GB48577	1
GB51360	0
GB47099	0
GB53517	0
GB52555,GB52555	1
GB51962	2
GB52590	4
GB45821	2
GB49491	1
GB54568	0
GB53412	5
GB50827	7
GB41884	0
GB53701	0
GB49172	1
GB50535	0
GB50852	1
GB42427	4
GB52238	4
GB43860	0
GB40251,GB40251	2
GB50378,GB50388	6
GB41287	1
GB51337	1
GB44959	0
GB40346	3
GB54530	1
GB53305	0
GB52001	2
GB53778	1
GB43173	1
GB54538	3
GB41332	0
GB55583,GB51769	5
GB45774	1
GB55888	0
GB43304	2
GB49171	0
GB55237,GB55237	2
GB45972	0
GB48795	0
GB53341	1
GB46564	4
GB41215	0
GB50690	2
GB51589	0
GB49767,GB55648,GB54069	3
GB41639	0
GB52168	1
GB48234	4
GB53269	0
GB48192	2
GB50969	0
GB44595	0
GB47098	4
GB51653	4
GB42014	0
GB42031	0
GB45101	0
GB42728	2
GB43462	2
GB48789	0
GB54177	2
GB55480,GB51897	6
GB50357	1
GB44341	3
GB47308	0
GB47829	0
GB46332	2
GB52472	2
GB49428	1
GB44092,GB47528	2
GB51255	8
GB48203	2
GB51036	1
GB43631	1
GB48994	0
GB51207	0
GB40689	3
GB52537	0
GB47680	0
GB40703	2
GB47118	0
GB53149	1
GB51596	0
GB44899	0
GB51660	1
GB43796	2
GB48204,GB48204	3
GB42984	1
GB46126	3
GB52536	1
GB52759	0
GB40452	0
GB48305	3
GB54288	0
GB40440	1
GB44210	0
GB44196	3
GB51019	1
GB50482	0
GB42246	0
GB51481	1
GB52650	0
GB51734	1
GB51542,GB51542	1
GB53064	3
GB54031	1
GB47459	1
GB40678	0
GB53787	0
GB50807	3
GB43718	0
GB46618	0
GB47808	1
GB42921	0
GB54939	1
GB49511	1
GB54998	2
GB51512	0
GB41803	0
GB45348	5
GB54477	4
GB44193	1
GB55911	0
GB54230	0
GB45612	1
GB51113,GB51113	2
GB45982	1
GB45114	0
GB42016	7
GB45373	0
GB46526,GB42007	2
GB55059	1
GB51692	0
GB52975	0
GB48556	0
GB40567	5
GB49517	1
GB55917	1
GB53133	3
GB44703	3
GB46925	1
GB42866	1
GB50406	2
GB44862,GB44862,GB44862	4
GB45530	1
GB48137	1
GB41888	1
GB50508,GB48687,GB50508	6
GB41052	2
GB41454	1
GB44305	0
GB49977	5
GB43158	1
GB47113	0
GB52280	5
GB42740	0
GB43077	0
GB52321	2
GB42496	0
GB50749	2
GB42804	1
GB40206	0
GB51041	2
GB42244	3
GB43978	1
GB41149,GB41149	2
GB53611	2
GB47568,GB42394	2
GB55457	1
GB49541	1
GB52192	0
GB52993	2
GB50593,GB50593,GB50593	2
GB45135,GB45135	5
GB43080	2
GB55764	0
GB48403,GB47348	1
GB53205	0
GB45259	1
GB47476	1
GB40134,GB40132,GB40132	2
GB41983	3
GB46045	4
GB55425	2
GB44523	1
GB54852	7
GB50286	0
GB43446	0
GB45472	1
GB52426	1
GB55495	0
GB41746	1
GB53145,GB53145	1
GB47422	3
GB44252	0
GB43743	1
GB48932	1
GB49730	0
GB43140	0
GB40350	0
GB49373	2
GB53821	2
GB52346	0
GB52417	1
GB51246	0
GB42762	3
GB43369	1
GB41681	1
GB45512	0
GB46478	0
GB52779	5
GB52708	1
GB43497	3
GB50219	1
GB42875	10
GB46689	1
GB55022	1
GB55574	2
GB41449	0
GB52907	0
GB42062	1
GB49045	3
GB50974	4
GB41893	4
GB51381	5
GB44759	1
GB53140,GB53140	2
GB45064	1
GB50295	0
GB46613	0
GB40880	2
GB47351	1
GB55822	2
GB43137	1
GB49933	0
GB44021	0
GB50113	0
GB55142	0
GB42455,GB42455	2
GB52189	1
GB55995	0
GB51985	1
GB47271	2
GB52661	1
GB51515	1
GB41177	1
GB52436	0
GB49644	0
GB44198	1
GB55904	0
GB50700	2
GB52435	0
GB51502,GB43039	3
GB55540	0
GB54805	0
GB44359	1
GB43203	0
GB43480	0
GB53388	4
GB50400	7
GB53670	1
GB42979,GB42979	2
GB43238	1
GB51792	2
GB53725	3
GB44532	4
GB47368	0
GB54534	3
GB43662	4
GB51399	3
GB42423	0
GB43935	1
GB41909	0
GB41596	3
GB47449	0
GB46490	5
GB53852	0
GB51895	0
GB55461	0
GB44416	1
GB47572	2
GB53970	0
GB47812	0
GB41714	0
GB54798	2
GB41747	2
GB47036,GB47036	7
GB52079	0
GB47807	4
GB50184	3
GB45724	0
GB41366	0
GB52563	3
GB44884	1
GB55787	1
GB54287	1
GB47179	4
GB53012	2
GB45937	5
GB53979	6
GB42616	1
GB40361	1
GB54910	0
GB51965	0
GB43839,GB43839	7
GB42646	1
GB54668,GB54668	1
GB45417	1
GB49111	1
GB43404,GB50225	1
GB41839	0
GB46242	0
GB49544	6
GB48113,GB48114	3
GB43456	0
GB52266	1
GB42751	4
GB53937	2
GB43216	0
GB42739	3
GB48775	0
GB54158	2
GB49859	0
GB55426	0
GB52947	0
GB45755	1
GB42735	2
GB47242	1
GB46599	0
GB50195	5
GB48625	0
GB52109	1
GB50635	3
GB49931	2
GB50660	0
GB48483	2
GB55378	0
GB49995	2
GB48523	1
GB42670	1
GB48639	0
GB40204	5
GB44808	2
GB54551,GB54502	0
GB42058	0
GB45905	1
GB44117	2
GB45881	0
GB45690	1
GB52457	5
GB48530	1
GB48399,GB42391	1
GB49197,GB49197	3
GB50345	2
GB43730	2
GB44650	1
GB47231	0
GB52589	0
GB44754	1
GB53284	0
GB53353	1
GB49388	0
GB49096	0
GB55658	3
GB40859	0
GB52541	0
GB55641,GB45533	1
GB40033	0
GB50395	0
GB42066	0
GB49844	1
GB41174	1
GB55751	0
GB47683	1
GB40280	1
GB40878	1
GB55002	0
GB51706	1
GB49921	0
GB44594	1
GB50204	0
GB54425	0
GB44933	0
GB54593	1
GB41507	2
GB51273	1
GB51852	0
GB43909	1
GB45970	1
GB42683,GB52566	3
GB51775	3
GB44330	0
GB45277	5
GB47414	0
GB48117	1
GB55225	4
GB54995	1
GB54893	0
GB41919,GB41921	2
GB40581,GB40581	3
GB51219	2
GB45442	4
GB44429	0
GB47138	2
GB51133	1
GB42967	1
GB50959	1
GB51544	0
GB40603	3
GB51511,GB51511	2
GB48426	0
GB48396	2
GB46691	0
GB42220	2
GB54700	1
GB53083	0
GB51953	2
GB49406	0
GB53690	0
GB44912	0
GB51612	0
GB50141	0
GB53073	0
GB41723	0
GB52328	1
GB55820	1
GB46016	2
GB43407	0
GB43945	2
GB52916	0
GB45968	1
GB48247	0
GB41900	0
GB43074	0
GB45623	0
GB54273	3
GB47961,GB41597	1
GB47437	2
GB51134	3
GB49642	0
GB42756	3
GB53963,GB50291	1
GB44414	1
GB53825	0
GB55715	0
GB54378	2
GB43239	2
GB55775	0
GB45212	0
GB54348	0
GB53306	0
GB55146	2
GB49438,GB49438	1
GB55826	2
GB44890	0
GB45762	0
GB54649	0
GB51748	1
GB53231	1
GB54780	1
GB54127	1
GB54921,GB54921	2
GB43465,GB41957	1
GB55770	1
GB48158	0
GB48463	2
GB51696	4
GB46731	0
GB45370	4
GB52304	0
GB46018	1
GB54119	0
GB43470	1
GB53865,GB53865,GB53865	1
GB53651	0
GB50246	1
GB45564	2
GB40657	0
GB47280	1
GB54269	0
GB48229	4
GB55578	0
GB44174	0
GB54885	1
GB42076	0
GB49290	5
GB40316	1
GB42925	1
GB45967	6
GB51702	0
GB43817	2
GB50133	1
GB52224	0
GB48347	1
GB55567	0
GB55579	1
GB55239	0
GB40803	1
GB45646	0
GB40893	1
GB53657	1
GB48923	1
GB42731	0
GB44648,GB44647	4
GB51120	0
GB45214	4
GB44881	0
GB45084	1
GB55244	0
GB54035	1
GB54213	2
GB50359	3
GB53606	0
GB50369	2
GB54664	2
GB44000	2
GB42977	2
GB41345	0
GB49680	0
GB51693	0
GB49480,GB49480	2
GB46693	0
GB50538	0
GB53122,GB53118,GB49568	2
GB43908	6
GB52086	0
GB54143,GB54143	4
GB41883	0
GB40420	2
GB51500	4
GB42401	4
GB54313	0
GB50605,GB50606	3
GB46982	1
GB52165	0
GB45001	0
GB49755	0
GB55272	1
GB49184	0
GB42138	1
GB40823	4
GB51130	0
GB40014	1
GB55164	2
GB53384	2
GB50997	0
GB44247	0
GB42619	2
GB48949	0
GB52249	0
GB42505	1
GB50224,GB50224	1
GB41423	0
GB55746	3
GB42054,GB42054	4
GB54206	0
GB51242	1
GB47208	0
GB44906	0
GB55913	0
GB42200	0
GB45958	1
GB42763	0
GB52567	2
GB50958	0
GB54198	2
GB40400	3
GB47428	1
GB53243	0
GB42773	0
GB40627	4
GB53396	2
GB48097	3
GB50415	0
GB55790	4
GB40310	1
GB46457	1
GB53089	1
GB51159	1
GB51348,GB51348	1
GB40017	0
GB55847	0
GB42844	6
GB55411	0
GB45479	1
GB53791,GB53791	3
GB43463	0
GB43093	1
GB48074	1
GB44885	1
GB53173	0
GB50743	3
GB44321	1
GB54053	1
GB55573	0
GB54216	0
GB45284	2
GB46739	3
GB48474	0
GB54225,GB54226,GB54226	4
GB41855	1
GB43881	0
GB52989	0
GB45873	1
GB44537	0
GB44067	0
GB49223	0
GB54389	1
GB46212	0
GB54625	1
GB43567	0
GB41424	1
GB55188	2
GB43685	0
GB51717	0
GB43556	3
GB44027	0
GB44433	0
GB41122	1
GB49320	0
GB52106	1
GB49325	0
GB54582	3
GB53740	0
GB46800	1
GB42325	2
GB41608	0
GB54751	3
GB54600	1
GB55618	0
GB44155	1
GB42352	2
GB43314	2
GB45156	0
GB52673	0
GB48261	1
GB49391	0
GB40676	0
GB41450	0
GB54592	4
GB50669	0
GB47894	8
GB45292	1
GB41601	0
GB41680	0
GB54176	4
GB48946	0
GB50419	1
GB52618	3
GB49800	0
GB51641	0
GB49419	2
GB48263	1
GB43163	0
GB51189	1
GB42201	3
GB41592	0
GB40774	1
GB51745	2
GB45388,GB51874	2
GB44709	1
GB44535	0
GB41356	1
GB55793,GB55793	1
GB40100	0
GB52453	0
GB42853	4
GB43276	0
GB50789	0
GB45360	0
GB53011	1
GB55854	1
GB41278,GB49900	3
GB50283,GB50283	2
GB51210	1
GB45355	6
GB49126	0
GB45138	2
GB42847,GB48093	1
GB41875	0
GB42894,GB42894	2
GB40203	3
GB52679	1
GB55907	3
GB48571	1
GB46301	1
GB53021	0
GB54609	2
GB40598	2
GB41226	0
GB40507	0
GB52432,GB54695	2
GB51355	0
GB40515	0
GB46251	0
GB48162	2
GB44510	2
GB40740	3
GB40540	0
GB55700	0
GB44481	1
GB48375	3
GB46487	1
GB47339	0
GB43189	6
GB43899	1
GB40818	2
GB48925	1
GB50971	0
GB41783	3
GB49150	1
GB53989	5
GB42548	1
GB47195	4
GB51940	3
GB48551	1
GB54843	1
GB51763	1
GB46271	1
GB44263	0
GB41378	1
GB48997	1
GB41629	1
GB55627	0
GB54680	1
GB54114	0
GB40263	2
GB41835	0
GB42579	0
GB55723	3
GB46886	0
GB42222	0
GB55973	0
GB43198	0
GB46262,GB46260,GB46262	5
GB53737	0
GB50171	1
GB52849	0
GB44029	4
GB41297	1
GB45195	0
GB55644	1
GB44758	0
GB55801	0
GB51422	1
GB54909	0
GB45142	1
GB55008,GB49845	4
GB44643	1
GB40845	1
GB42150	7
GB43857	0
GB41193	2
GB52171	2
GB42869,GB50987	5
GB55652	4
GB53974	1
GB55714	0
GB54263	0
GB41038	0
GB49426	0
GB43786	0
GB45694	0
GB47182	0
GB47632	0
GB43562	0
GB41869	0
GB43722	2
GB45229	4
GB41810	2
GB48101	0
GB47625,GB42004	3
GB47596,GB47596	3
GB44743	2
GB55352	0
GB50814	1
GB40025	1
GB44779	0
GB46362	2
GB51016,GB51016	2
GB51111	0
GB49026	1
GB50819	1
GB46114	0
GB47918,GB56032	0
GB45091	1
GB53540	0
GB51649	3
GB43338	0
GB48487	0
GB49459	0
GB44646	0
GB45819,GB42408,GB44278,GB44278,GB42409	1
GB45679	2
GB52212,GB52212	6
GB42152	0
GB55557	2
GB50525	5
GB41547	1
GB46509	2
GB44947	2
GB41804	7
GB47925	1
GB47468	0
GB53729	0
GB43234	5
GB41668	1
GB44896	1
GB48821	0
GB52084	1
GB47888	0
GB40075	0
GB43892	0
GB40706	1
GB45389	1
GB45693,GB45693	1
GB42942	2
GB51185	1
GB54803	5
GB49297	0
GB44216,GB44968,GB50868,GB54361	4
GB55492	0
GB41744	0
GB48658	2
GB42603,GB42808,GB42885	1
GB47391	1
GB48336	0
GB50104	0
GB49042	1
GB42484	3
GB47091	0
GB54169	1
GB50372	0
GB44624	3
GB48868	3
GB43855	0
GB41722	1
GB40414	0
GB42895	4
GB40916,GB46759	4
GB54959	2
GB52737	1
GB50854	0
GB54092	0
GB43160	0
GB40741	0
GB40341	2
GB44034	1
GB46963	2
GB53697	0
GB49193	0
GB41649	0
GB47204	2
GB43157	1
GB50909,GB50909	2
GB49537	2
GB42418	0
GB42669	0
GB47309	1
GB43874	0
GB54953	1
GB47950	0
GB41734	3
GB48031	0
GB43264	1
GB55645	0
GB41035	0
GB48001	0
GB40283	0
GB41544,GB41544	2
GB40016	0
GB40504	1
GB48254	0
GB44126	0
GB40977	0
GB53676	2
GB52253	1
GB55880,GB41941	1
GB41406	0
GB54246	3
GB46813	1
GB44649	0
GB44291	0
GB47970	1
GB52021	3
GB53343	1
GB41239	0
GB50769	0
GB41494	0
GB51812	7
GB48531	1
GB51045	2
GB54606	0
GB50161	5
GB53531,GB53570,GB53570	2
GB47418	1
GB45719	0
GB49084	1
GB48881	0
GB53976	2
GB50135	1
GB48422	2
GB48167	0
GB48573	4
GB44411	1
GB50949	1
GB41233	0
GB54137	1
GB46713	0
GB47889	4
GB48834	0
GB48232	0
GB50470	0
GB53605	0
GB47185	0
GB54723	0
GB52077	2
GB47963	0
GB43185	3
GB55837,GB55837	1
GB41775	0
GB42814	1
GB55675	3
GB53713	2
GB45266	0
GB49941	0
GB44062	0
GB53802	0
GB42835	0
GB53721	3
GB49108	0
GB40763	1
GB40672	1
GB45179	1
GB52010	0
GB49804	1
GB52526	1
GB48339	3
GB50038	0
GB50101	0
GB55381	0
GB50212	0
GB42037	3
GB49174	0
GB55015	1
GB53859	0
GB51705	1
GB41740,GB41740	4
GB49489	3
GB48601	1
GB40028	2
GB43736	0
GB49567,GB49564	3
GB50421	0
GB53710	0
GB40928	0
GB53616	0
GB50695	0
GB53036	0
GB45009	0
GB55766	0
GB50020	1
GB46879	1
GB53956	0
GB46217	0
GB53262	1
GB46751	0
GB50947	2
GB48061	1
GB45758,GB53875	3
GB44762	1
GB47239	1
GB43220	6
GB52144	0
GB40357	1
GB54109	3
GB54602	1
GB44445	1
GB50650	3
GB48425	0
GB48665,GB48665	2
GB47746	1
GB40908	1
GB41444	2
GB46563	0
GB41465	1
GB41165	2
GB47615	1
GB44009	1
GB51035	0
GB44602	0
GB49686	1
GB42493	1
GB49409	1
GB46818	0
GB43917	1
GB45686	0
GB49366	0
GB45536	1
GB49911	2
GB45150	1
GB54773	1
GB47281	0
GB42236	2
GB51391	0
GB47466	0
GB45272	0
GB44061	1
GB44679	0
GB47269	1
GB44065	3
GB54906	2
GB54260,GB54260	3
GB50837	5
GB41860	9
GB51060	0
GB52611	2
GB54716,GB49620	2
GB55936	6
GB43439	1
GB42414	0
GB46724	1
GB41694	2
GB46696,GB46966,GB46966	2
GB46510	4
GB46035	0
GB44338	1
GB54395	0
GB51715	0
GB55292	2
GB53357	1
GB40594	0
GB52601	2
GB52701	9
GB40565	0
GB51124	1
GB40453	1
GB53592	0
GB50150	0
GB55523	1
GB52198	2
GB54774,GB54774	4
GB53662	0
GB45932	1
GB45760	1
GB41836	0
GB43178	1
GB52592	0
GB47039	2
GB55323	0
GB42183	1
GB49298	3
GB49246	0
GB45776	0
GB41246,GB41246	2
GB46344	2
GB55362	1
GB45351	1
GB43467	1
GB41288	1
GB44538	0
GB45735	1
GB47254	0
GB46594	0
GB45225	2
GB54738	1
GB55486	1
GB54987	0
GB49947	1
GB49985	0
GB44573	2
GB46479	1
GB53688	0
GB45683	1
GB46047	1
GB41347	0
GB54366	0
GB47844	1
GB46196	0
GB51221	0
GB45378	2
GB53798	4
GB43123,GB43123	2
GB47249	0
GB45300	1
GB46070	0
GB54531,GB54533	8
GB53066	0
GB47589	0
GB53647	0
GB49186	0
GB54657	0
GB50459	0
GB48589,GB51445	2
GB43186	0
GB49301	0
GB52114,GB52114	1
GB43901	0
GB42360,GB43747	4
GB40405	6
GB46745	1
GB54758	1
GB41117	1
GB45014	0
GB44940	2
GB43618	1
GB45106	0
GB41305	1
GB53339	0
GB41609	0
GB54204	7
GB49468	1
GB49080,GB51901	3
GB44798	0
GB42241	1
GB53009,GB49239,GB47762	4
GB40802	0
GB40744	0
GB45557	0
GB46894	3
GB44550	1
GB50943	1
GB46342	0
GB54718	0
GB47633	1
GB46878,GB46878	3
GB49268	7
GB44060	0
GB45155	1
GB49556	1
GB45029	0
GB46700	2
GB54338	2
GB52291	2
GB43707	5
GB54496	3
GB47201	1
GB46593	1
GB41076	0
GB49322	2
GB53530	0
GB54505	0
GB47477	0
GB44934	0
GB45517	1
GB55033	2
GB55525	0
GB45120	2
GB43983,GB43983	3
GB45235	0
GB51613	0
GB44551	2
GB44554	1
GB55631	0
GB46579	2
GB45502	2
GB47732	2
GB51385	0
GB48007	3
GB53934	1
GB46877	1
GB52988	0
GB45107	1
GB43579	0
GB51847	0
GB48940	0
GB47307	0
GB45395	7
GB51591,GB51591	3
GB52691,GB54193	2
GB40719	1
GB54775	0
GB47667	0
GB55280	0
GB45054	0
GB53708	0
GB46091	0
GB54702	1
GB55967	0
GB49646	0
GB43261	2
GB52741	0
GB45566	2
GB49778,GB40327	1
GB47744	0
GB54271	0
GB50048	0
GB45478	2
GB42846	1
GB42933	0
GB54222	1
GB48102	0
GB50370	1
GB45173	0
GB43448	3
GB50767	2
GB47405	0
GB51218	40
GB52025	7
GB41998	2
GB53034	2
GB53794	0
GB51633,GB51633	1
GB46873	0
GB53300	0
GB45005	0
GB47277	1
GB41400	0
GB44373	3
GB49444	1
GB51062	0
GB50705	0
GB48685,GB50292	2
GB41448	1
GB49794	0
GB45453	0
GB40495	1
GB40021	1
GB55475	1
GB48675	2
GB44927	0
GB53614	1
GB40671	0
GB50681	1
GB49107	0
GB50274	1
GB48643	0
GB40500	1
GB51066	1
GB46786	0
GB52746	2
GB43213	0
GB49570	0
GB48030,GB46377	2
GB53172	1
GB45051	0
GB52980	0
GB46065	1
GB41312	2
GB42327	2
GB41069	1
GB40971	3
GB49961	0
GB44804	1
GB55848	0
GB42660	0
GB52349	0
GB44541	0
GB47425	5
GB46653	2
GB55279	1
GB44972	0
GB54556	0
GB53671	0
GB44316	0
GB42675,GB42675	3
GB43602	2
GB49990	0
GB40411	0
GB49651	1
GB45662	0
GB54699	0
GB44037	1
GB46450	0
GB43897	2
GB46539	1
GB41908	0
GB49613	0
GB54422	4
GB51794	0
GB51257	1
GB49324	0
GB54715	0
GB45809,GB45809	4
GB40904	1
GB44581	0
GB55350	0
GB41688	0
GB46102	2
GB43159	0
GB48434	0
GB41798	0
GB55527	0
GB48489	1
GB47779	2
GB50160,GB50160	1
GB42884	2
GB41659	0
GB55147	0
GB42959,GB42958	4
GB55809,GB50017	2
GB41250	0
GB50043,GB50043	2
GB46069	0
GB55067	1
GB49275,GB49273	1
GB41974	0
GB44350	0
GB41910	2
GB40123	0
GB52307	2
GB42750	0
GB52473	1
GB42567	3
GB46012	0
GB54543	2
GB46429	6
GB53042	1
GB52008	0
GB40149	0
GB43119	0
GB50941	0
GB45815	1
GB45207	1
GB42674	0
GB43391	1
GB49969	1
GB55148	1
GB52091	0
GB49652	0
GB43719	2
GB47841	1
GB49688	2
GB44614	1
GB53163	3
GB45228	0
GB52316	0
GB44999	0
GB42856	0
GB48509	3
GB49235	0
GB40670	1
GB55846	0
GB51486	1
GB54658	0
GB43889	0
GB43954	0
GB41844	0
GB42949	1
GB45518	0
GB55366	0
GB40901	1
GB54325	0
GB41094,GB41094	3
GB47748	1
GB45140	0
GB46036	0
GB45926	2
GB48847	0
GB46431	1
GB50521,GB50521	1
GB41874	2
GB44687	0
GB50491	0
GB50911	1
GB46165	0
GB44114,GB47820	1
GB41825	1
GB45777,GB48385	1
GB50640	1
GB51638	0
GB49534,GB49534	2
GB44516	0
GB44661,GB44455	3
GB47488,GB46971	3
GB47334	1
GB52651	0
GB44533	0
GB47876	1
GB50261	0
GB55074	0
GB49478	0
GB46746	0
GB53846	1
GB48386	0
GB44082	0
GB45273	1
GB45278	7
GB40287	8
GB44223	4
GB49870	1
GB50303	2
GB51264	1
GB48809	0
GB46436	0
GB47440	0
GB49309	2
GB47018,GB47018,GB47018	2
GB43000,GB43000	3
GB45072	0
GB50105	0
GB41136	0
GB54083	1
GB50730	1
GB49050	0
GB45713,GB45708	4
GB54332	0
GB52503	0
GB45363	1
GB55985	0
GB47081	0
GB44742	0
GB42224	1
GB43171	0
GB46684	1
GB41876	1
GB41864	2
GB43149	1
GB50237	0
GB49089	0
GB52676	0
GB40282	2
GB51015	0
GB44347	3
GB40788	1
GB48938	0
GB47549	0
GB51912	1
GB52619,GB43636	1
GB43475	1
GB44690	0
GB42436	0
GB51967	0
GB46621	1
GB40563,GB55130	2
GB44031	1
GB51237	0
GB48889,GB48889	2
GB48786	6
GB44307	3
GB55757	3
GB50245	0
GB54627	0
GB45463,GB45463,GB54870	2
GB46973	1
GB50960	0
GB49528	0
GB54622	2
GB40580	3
GB49906	1
GB54124	2
GB54493	2
GB49037	2
GB55896	4
GB54522	0
GB50586	0
GB45067	2
GB51431	2
GB54742	2
GB47102	1
GB48360	0
GB49579	0
GB47230	0
GB54436	1
GB44387,GB44387	3
GB44295	0
GB45568	0
GB43122	0
GB51828	1
GB45349	0
GB45343	1
GB45052	0
GB41156	2
GB50244	0
GB44353	0
GB46627	0
GB52247	0
GB54428	7
GB45126	0
GB43561	0
GB48055	0
GB49896	0
GB41902	1
GB43052	3
GB44176	1
GB42854	0
GB42063	1
GB47106	0
GB42559	1
GB54242,GB54242	2
GB48160	2
GB50178	2
GB48370	0
GB52948	0
GB49590	1
GB55359	1
GB40217	0
GB52158	3
GB47194	2
GB44570,GB45484	1
GB41487	1
GB40863	1
GB44592	1
GB45297	0
GB52797	0
GB55056	0
GB45031	1
GB42501	3
GB44900	0
GB50537	2
GB50777	0
GB52557	1
GB42783	1
GB55333	0
GB42211	1
GB51525	2
GB46290	2
GB54809	0
GB51836	1
GB53949	5
GB55704	1
GB46908	2
GB48266	1
GB53376	0
GB41819	2
GB48596	1
GB49505	0
GB44199,GB44199	4
GB55387	4
GB42892	2
GB47962	1
GB55765	0
GB51749	1
GB53237	1
GB45457	2
GB42215	0
GB54784	1
GB50157	3
GB45194	0
GB50126	1
GB46300	1
GB50069	0
GB53944	0
GB47942	1
GB47350	1
GB49190	0
GB52012	3
GB44982	0
GB47177	3
GB50493	0
GB45133	0
GB45413	4
GB43715	6
GB48125	2
GB54391	2
GB45695	1
GB53598	1
GB40944	0
GB47429	0
GB49527	1
GB42960	0
GB44315	0
GB45663	2
GB44412	0
GB41188	0
GB53323	2
GB50871	0
GB49612	0
GB55403	0
GB55274	0
GB44072	3
GB54214	1
GB51505	0
GB55940	0
GB40437	1
GB49327	1
GB42651	0
GB49494	1
GB46339	1
GB54989	0
GB53035	1
GB43366	2
GB54994	0
GB51333	0
GB47737	1
GB44682	0
GB51063	2
GB54239	0
GB45555	0
GB52978	0
GB41294	1
GB55660	0
GB45875	9
GB44611	0
GB44293	0
GB48684	0
GB41171	2
GB47503	0
GB47846	0
GB43435	1
GB45525,GB45524,GB44248	1
GB50506	0
GB52195	2
GB43637	0
GB51580	2
GB52704	0
GB41693	0
GB42487	1
GB46042	0
GB48337	2
GB44121	0
GB43113	0
GB50367	5
GB52498	1
GB55485	1
GB44099	0
GB50071	3
GB49120	2
GB42450	0
GB43162	2
GB46685	1
GB44636	0
GB50352	0
GB48746	1
GB43738	6
GB42652	1
GB45175	0
GB46523	1
GB46692	5
GB52045	2
GB40867,GB40947,GB40867	2
GB51354	0
GB42451	0
GB44436	2
GB48066,GB48782	1
GB46189	0
GB43551	0
GB47329	0
GB48678	0
GB46512	1
GB53251	1
GB47387	3
GB47423	2
GB51885	3
GB47250	2
GB42358	2
GB53654	0
GB49486	1
GB46672	0
GB49604	4
GB45872	0
GB45684	3
GB41036	0
GB41982	2
GB47222	1
GB43015	2
GB48199	2
GB45128	2
GB47471	3
GB49525	2
GB49841	4
GB51999	0
GB51738	2
GB44590	0
GB50891	0
GB50039	1
GB49909	0
GB50190	0
GB52627	0
GB47300	7
GB50802	0
GB54111	2
GB48416	1
GB48237	2
GB55489,GB55489	4
GB52588	1
GB54789	0
GB44163	0
GB41261	1
GB50511	1
GB43087	1
GB49966	6
GB43411	0
GB40674	0
GB51726	0
GB45923	4
GB55299	1
GB44534	0
GB53788	0
GB47076	0
GB50290	0
GB53166	0
GB48456	0
GB48075	0
GB40363	1
GB44333	0
GB45180	0
GB45425	2
GB40766	0
GB48873	2
GB51560	0
GB47413,GB47413	2
GB51093	1
GB47189	2
GB49701	1
GB50471	4
GB47556	4
GB44410	1
GB50015	1
GB41867	0
GB55877,GB55877	1
GB48692	0
GB43256	1
GB44327	1
GB42551	1
GB50031	2
GB55893	0
GB54190	0
GB45314	0
GB47260	0
GB55930	4
GB43697	0
GB44325	0
GB52047	1
GB54935	1
GB44175	1
GB53782	2
GB50281	0
GB40999	2
GB54144	1
GB47042	0
GB45778	0
GB47043	0
GB46773,GB40332	2
GB49169	5
GB45985	1
GB45487	1
GB44757	2
GB46972	2
GB45534	1
GB55390	6
GB49456	4
GB52929	0
GB55971	0
GB40335	2
GB52360	2
GB42534	3
GB42023	1
GB50418	5
GB55537	0
GB50748	0
GB40577	1
GB52785	5
GB47007	1
GB42945	1
GB41304	0
GB47232	1
GB54608	1
GB49330	1
GB42096	0
GB49622	0
GB41211	0
GB44526	0
GB53700	1
GB48539	1
GB42747	1
GB46640	3
GB41397	0
GB52904	1
GB53045,GB53043	0
GB49130	1
GB40201,GB40191,GB40184,GB40197,GB40200,GB40186,GB47122,GB40184,GB47122,GB47121,GB40194,GB40196,GB40193,GB40197,GB40183,GB40187,GB40192,GB46573,GB47122	12
GB43107,GB43108	2
GB45495,GB40976	2
GB45618,GB45618	1
GB43549	0
GB50648	0
GB41704	0
GB44156	1
GB54145	1
GB43079	0
GB42454	0
GB41463,GB41464	2
GB48608	0
GB43277	0
GB49315	4
GB42020	0
GB50741	0
GB50812	1
GB41281	2
GB48469	0
GB48563	1
GB43984,GB45309	1
GB41212,GB53028,GB40624,GB49394	7
GB48557	0
GB40064	0
GB42848	3
GB52427	1
GB52282	0
GB41856	2
GB54986	1
GB40076	0
GB40980	1
GB52423	0
GB41315	0
GB44285	1
GB49967	0
GB49152	0
GB45776,GB45776	5
GB51634	0
GB49466	1
GB42732	0
GB45733	0
GB51968	1
GB41002,GB41003	1
GB42313	0
GB52825	0
GB53333	0
GB51751	2
GB40592,GB53981	3
GB46480	0
GB40274	0
GB48677	0
GB46360,GB46360	2
GB49124	0
GB55619	1
GB46609	1
GB48765	3
GB47984	5
GB42223	0
GB50409	2
GB55278	3
GB44579	0
GB53520	2
GB51494	2
GB49843	1
GB43487	1
GB50957	2
GB52953	0
GB46960	0
GB55505	0
GB47635	0
GB51040	1
GB46257	1
GB47235	0
GB51119	0
GB54261	3
GB50771	0
GB40158	1
GB43502	0
GB44222	1
GB55632	2
GB51198	0
GB49559	0
GB40816	1
GB43095	1
GB42190	0
GB44567	2
GB54881	0
GB53126	0
GB44936	1
GB49852	1
GB47278	0
GB52314	2
GB46273	1
GB55389	0
GB53862	2
GB52937	0
GB48122	1
GB43836	0
GB40693	1
GB53830	0
GB40654	0
GB52211	0
GB41827	0
GB40415	1
GB46048	1
GB41872	1
GB45345	1
GB51361	1
GB41451	0
GB48457	0
GB44187	1
GB51464	0
GB49571	0
GB48526	0
GB41840	0
GB51819	1
GB52052	5
GB42817	0
GB42865	1
GB50065	0
GB43622	0
GB46322	0
GB50932	0
GB51000,GB51000	2
GB49349	1
GB42721	0
GB49098	2
GB45071	0
GB44828	0
GB40466,GB40466	2
GB46929	1
GB49946	2
GB45868	0
GB51080	1
GB53812	0
GB55448	0
GB52597	1
GB44918	1
GB45127	0
GB40388	2
GB54590	1
GB46151	2
GB42295	1
GB50299	0
GB50146	0
GB54651	1
GB53683	1
GB46452	3
GB53685,GB53685	2
GB48378	3
GB41037	2
GB42297	4
GB50130	2
GB43831	1
GB55348	3
GB51938	2
GB54512	2
GB47435	1
GB47073	1
GB45692	2
GB54264	0
GB43441	1
GB45131	2
GB53199	0
GB55931	0
GB47838	0
GB51725	1
GB46054	2
GB49188	0
GB50653	2
GB53062	0
GB46918,GB50327	1
GB50365	0
GB43245	6
GB47451	1
GB48157	0
GB46954	4
GB40359	1
GB49533	0
GB49589	2
GB44961	3
GB43172	5
GB51655	0
GB51029	0
GB40704	0
GB50955,GB48208	4
GB55830	1
GB53607	1
GB53380	0
GB43293	0
GB53411	0
GB41590	6
GB50228	0
GB48532	0
GB41610	0
GB51058	0
GB53582,GB53582	2
GB40946	0
GB49146	0
GB54268	1
GB53148	0
GB54140	1
GB48817	0
GB45429	1
GB52722	0
GB40614	1
GB49518	0
GB53092	2
GB45341	0
GB45732	1
GB51209	0
GB40578	1
GB43191	0
GB44123	1
GB42167	0
GB44656	0
GB43953	1
GB47184	0
GB47461	0
GB51302	0
GB51833	1
GB46338	1
GB55006	1
GB42268	1
GB45392	0
GB53239	3
GB44371	1
GB44184	0
GB53196,GB53196	1
GB47847	2
GB52893	0
GB40765	2
GB50226	1
GB52926	1
GB45833	0
GB53849	2
GB43271	3
GB51190	0
GB47502	2
GB46240	0
GB53174	2
GB44168	0
GB45275	0
GB50259	0
GB50090	3
GB52559	0
GB45955	3
GB45213	1
GB41290	0
GB40545	0
GB43097,GB43098	4
GB54728	2
GB48598	1
GB43906	1
GB42515	2
GB45902	1
GB41713	0
GB49087	0
GB53029	2
GB44276	0
GB41753	0
GB42781	1
GB49054,GB43751	0
GB51744	1
GB51964	4
GB47379	0
GB46218	0
GB54354	0
GB46267	3
GB46371	1
GB54097	2
GB52456	0
GB47661	1
GB47768	1
GB46327	3
GB42196,GB49726	1
GB41342	0
GB49425	2
GB46728	0
GB48967	0
GB44073	0
GB42661	2
GB51541	0
GB51418	1
GB50262	2
GB44616	0
GB42919	3
GB55094,GB55094,GB55094,GB55094	5
GB43552	0
GB55784	6
GB42681	3
GB44331	1
GB47575	1
GB54201	0
GB52755	7
GB48467	1
GB53013	2
GB55743	0
GB44766,GB44766	3
GB44615	0
GB49074	3
GB45852	1
GB41173	1
GB44901	1
GB42716,GB55345	2
GB41024	6
GB52057	1
GB53308	0
GB47343	2
GB52388,GB52408	13
GB42425	2
GB49231	1
GB51599	2
GB48165	1
GB48452	0
GB53238	2
GB40711	0
GB51630	6
GB49396	0
GB55507	0
GB43145	0
GB55831	0
GB42771	0
GB44996	3
GB49117	0
GB48778	1
GB40273	2
GB49780	0
GB47110	0
GB48982	1
GB50619	0
GB51393	0
GB44364	2
GB48690	1
GB54282	3
GB49355	1
GB53682	1
GB46740	0
GB40479	4
GB46466	0
GB52325	0
GB55307	1
GB47061	1
GB45087	0
GB50972	0
GB40842	0
GB44010	1
GB47114	0
GB55506	0
GB42680	0
GB49584	0
GB45645	2
GB41195	0
GB44882	1
GB52845	1
GB47626	0
GB44319	1
GB49704	0
GB44910	1
GB41520,GB41521	1
GB42383	2
GB53378	0
GB50609	0
GB44507	0
GB44556	1
GB42143	1
GB55517	0
GB50442	3
GB53088	0
GB48024	5
GB41807	3
GB51338	0
GB42286	1
GB40866	0
GB44761	0
GB40118	1
GB51095	0
GB48951	0
GB51632	2
GB42744	1
GB44344	1
GB55096	1
GB54762	0
GB52037	0
GB50166	1
GB44943	2
GB50078	0
GB40907	0
GB42382	0
GB40427	0
GB45507	2
GB42855	0
GB55190	0
GB46542	0
GB40106	0
GB53665	0
GB41730	1
GB45361	0
GB55259	1
GB49883	1
GB54957	0
GB51148	1
GB55369	0
GB42516	0
GB51818	3
GB52244	0
GB54101	0
GB54337	0
GB52687	1
GB43200	0
GB49285	1
GB48623	2
GB52979	0
GB41164	0
GB42296	0
GB48669	1
GB51937	0
GB49869	3
GB45151	1
GB49269,GB49269	2
GB44078	1
GB47411	0
GB48262	0
GB44791,GB44791,GB44791	1
GB53033	0
GB54674	1
GB50973	1
GB44941	0
GB44850	1
GB47450	1
GB42021	0
GB42997	0
GB53295	0
GB52275	0
GB43963	0
GB55986	1
GB55890	2
GB45340	0
GB50626	1
GB51608	0
GB52751	1
GB50474	2
GB40925	0
GB45189	0
GB55575,GB43649	1
GB40909	1
GB49025	0
GB44548	1
GB55693,GB55693	5
GB45152	1
GB47151	0
GB55491	0
GB53768	0
GB54847	4
GB48836	0
GB51508	2
GB50897	2
GB50337	0
GB43270	1
GB40948	1
GB46023	2
GB40824	1
GB50132,GB48490	1
GB41651	2
GB49714,GB49714	2
GB53155	0
GB42841	0
GB54812	1
GB42354	0
GB52542	1
GB48046,GB41540	8
GB44271	2
GB52510	2
GB43805	7
GB47845	2
GB52992	1
GB45492	0
GB49749	1
GB55459	0
GB54918,GB54918	2
GB53753	1
GB54347	0
GB49943	3
GB50257	0
GB41811	0
GB51211,GB51211	2
GB55187	0
GB47736	1
GB45287	1
GB53289	1
GB55576	0
GB54571	0
GB49827	0
GB44288	0
GB54052	0
GB48661	1
GB55587	0
GB51504	1
GB54228	0
GB46304,GB46308	5
GB44848	5
GB45408	0
GB54731	1
GB54049	0
GB51441,GB51441	1
GB49558	2
GB55569	1
GB51698	1
GB55508	0
GB45655	0
GB48811	0
GB44048	1
GB49535,GB49535,GB46266	4
GB46231	1
GB55400	2
GB48521,GB48521	2
GB40853	1
GB41962	1
GB52576	1
GB43104	1
GB41701	1
GB53331	2
GB44880	0
GB43217	0
GB55919	0
GB50021	0
GB44770	1
GB40548	0
GB42159	3
GB50701	1
GB48367	1
GB53439	0
GB43295	0
GB53268	0
GB51817	2
GB49284	1
GB50526	1
GB56009,GB56009,GB56009	2
GB43676	1
GB46910	1
GB48326	1
GB48028	1
GB53936	1
GB50066	0
GB45952	0
GB48462	3
GB54574	3
GB40541	0
GB54050	2
GB41710	0
GB41032	0
GB44909	0
GB53793	2
GB52616	0
GB55521	1
GB41769	1
GB48112	0
GB49081	1
GB43192	0
GB40296	1
GB55665	0
GB48313	0
GB42920	0
GB41280	1
GB52724	4
GB42965	0
GB51694	0
GB44662	0
GB42494	0
GB54167	0
GB40343	0
GB49012	0
GB55054,GB55054	1
GB49076	2
GB54867,GB53933	4
GB51697	1
GB55929	7
GB44517	2
GB46709	1
GB55494	2
GB47393	0
GB44346	0
GB50527	1
GB51713	0
GB42564	0
GB52763	1
GB41182	0
GB48750	1
GB50877	0
GB42850	1
GB54927	0
GB48816	1
GB55622,GB55621	8
GB44829	0
GB48911	0
GB52569	0
GB48136	1
GB49637	0
GB43867	2
GB42156	1
GB52623	1
GB40480	0
GB44997	0
GB55624	0
GB52686	0
GB45436	1
GB42840	0
GB45879,GB47131	3
GB55302	3
GB52820,GB53324	0
GB46641	0
GB54599	1
GB44575	0
GB51995	3
GB54971	3
GB46788	0
GB55158	2
GB49004	2
GB51495	2
GB40637	2
GB53820	0
GB50921,GB56021	4
GB55112	0
GB41617	0
GB42606	2
GB55530	4
GB42249	0
GB54988,GB54988,GB51379	3
GB43687	0
GB40775	0
GB41738	2
GB49219	0
GB41455	0
GB54499	3
GB45184	0
GB41063	0
GB40804	0
GB42994,GB42994	2
GB45654	2
GB53147	1
GB50265	4
GB50364	5
GB51809	2
GB49056	1
GB53039	0
GB54152,GB54150	2
GB41735	1
GB46628	2
GB46580	2
GB41028	0
GB51893	1
GB52260	0
GB45296	2
GB50168	1
GB46791	2
GB40208	0
GB45825	0
GB44557	1
GB55659	1
GB45364	0
GB54735	0
GB40513	1
GB48626,GB53757	1
GB42943	2
GB54217	0
GB55493	0
GB47041	1
GB40871	2
GB51646	0
GB41372	0
GB51558	5
GB52739	1
GB42479	1
GB43553	0
GB40931	3
GB43737	4
GB41768	0
GB44883	1
GB52421	0
GB52793	0
GB49484,GB49484	1
GB42275	0
GB46241	0
GB42689	0
GB48691	0
GB52424	1
GB50045	1
GB53084	3
GB45459	0
GB47111	1
GB47660	1
GB49155	1
GB40364	0
GB41257	0
GB42656	2
GB51755	0
GB44259	0
GB53715,GB53714	2
GB44688	3
GB45017	2
GB55594	1
GB50672	2
GB50627	2
GB46661	4
GB43004	3
GB46296	0
GB46029	0
GB40074,GB40074	1
GB47285	0
GB55823	1
GB42271	0
GB45830	3
GB50750	1
GB43247	7
GB50725	0
GB51143	0
GB51117	0
GB52813	0
GB49548	3
GB41672	0
GB48720	0
GB49380	1
GB44149	1
GB49066	2
GB41427	4
GB50094	1
GB54818	1
GB51064	0
GB49634	0
GB54689	2
GB45794,GB45794	2
GB42822	3
GB45254	0
GB44366	1
GB46565	2
GB40424	0
GB49473	0
GB40531,GB40534	2
GB46211	0
GB46895	0
GB43226	1
GB42932	1
GB44419	1
GB42666	1
GB54351	2
GB55003	1
GB53389	0
GB40112	1
GB52677	0
GB43782	1
GB51110	0
GB40783	2
GB51112	0
GB54093	2
GB46694	2
GB50392	3
GB45761	2
GB41863	0
GB53319	1
GB44792	0
GB41141	0
GB49497	0
GB53836	0
GB54234	0
GB40319	1
GB43709	1
GB47548	1
GB51226	1
GB53650	0
GB52255	2
GB45939	0
GB40278	1
GB45215	0
GB48566	1
GB53414	1
GB46423	0
GB41621	0
GB54661	2
GB40269	2
GB45134	2
GB51465	0
GB54745	1
GB47573	0
GB44751	1
GB45318	0
GB41632	1
GB42203	1
GB45665	2
GB51816	3
GB54139	2
GB40923	0
GB44629	0
GB51813	6
GB52775	0
GB45086,GB47066	2
GB54975	2
GB48169	0
GB48993,GB48993	2
GB42186	0
GB55589	1
GB51421	2
GB51894	1
GB46636	2
GB43745	2
GB55853	0
GB43888	2
GB54170	0
GB54118	0
GB51223	9
GB55560	1
GB54623	0
GB52726	0
GB51671	1
GB48749	0
GB43820	0
GB50986	3
GB54372	0
GB54189	0
GB46173	0
GB49400	0
GB40029	1
GB46246	1
GB46710	0
GB50892	1
GB54794	1
GB47333	1
GB44146	1
GB41082	0
GB42207	0
GB44747	3
GB47869	1
GB43205	1
GB40975	2
GB55945	0
GB40407	0
GB49957	4
GB42973	0
GB52812	1
GB44208	0
GB44423	0
GB54056	0
GB52118	3
GB50625	1
GB51814	0
GB48838	3
GB47389	0
GB52469	1
GB49114	0
GB52983	1
GB53365	0
GB54172	0
GB51400	1
GB43555	3
GB55585	2
GB51984	1
GB54985	0
GB50175	1
GB52254	0
GB55476	0
GB47188	0
GB40356	0
GB47427	0
GB54666	0
GB53180	3
GB45198	0
GB44524	0
GB41065	0
GB45046	0
GB40503	1
GB43225	0
GB50866,GB50866	1
GB53142	0
GB44020,GB47607,GB45935	0
GB43812	2
GB49915	2
GB53666	0
GB44148	0
GB41169	0
GB45415	1
GB47960	0
GB49725	0
GB40451	5
GB49412	4
GB55287	0
GB41866	0
GB48006	0
GB45938,GB45973	4
GB45871	1
GB54886	3
GB49839	1
GB48124	0
GB43565	0
GB42277	0
GB50594	0
GB42969	1
GB51160	0
GB50232	1
GB45976	2
GB43912	0
GB45499	3
GB50229	0
GB55504	0
GB55268	2
GB55503	0
GB45028	0
GB46792	7
GB40799	0
GB53124	1
GB54363	0
GB44621	0
GB42304	2
GB51689	3
GB46927	7
GB49803	0
GB53351,GB46992	3
GB40768,GB40809	2
GB53589	1
GB45827	2
GB46892	0
GB44493	0
GB50829	1
GB49353	0
GB55802	0
GB54643	3
GB45315	4
GB41080	1
GB50553	0
GB46263	0
GB52877	0
GB40442	0
GB46216	0
GB53835,GB53833	9
GB45837	0
GB51834	0
GB41045,GB41045	3
GB44292	0
GB44008	0
GB53055	2
GB43856	0
GB50864	3
GB40365	0
GB40091	2
GB52074	0
GB42644	1
GB49953	0
GB51013	1
GB54091	2
GB40063,GB40063	1
GB53336	0
GB41127	1
GB46735	0
GB44944	3
GB52955	1
GB48034	2
GB55453	2
GB49270,GB49270	2
GB40652	0
GB43135	1
GB52910	0
GB41147	0
GB54511	0
GB48078	0
GB53926	1
GB47456	2
GB49488	0
GB53220	0
GB50207	1
GB45986	0
GB45486	4
GB42355	2
GB43885	0
GB52628	1
GB49227	0
GB42941	0
GB54861	0
GB47346	0
GB50348	1
GB49344	1
GB53379,GB50129	0
GB52706	0
GB50678	1
GB43305	0
GB42142	1
GB47665	0
GB55584	0
GB41343	1
GB49173,GB51647	6
GB47813	2
GB55388	1
GB50793	1
GB52340	0
GB42664	2
GB53093	3
GB51163	0
GB44283	0
GB52259	1
GB45145,GB45145	2
GB48223	1
GB45862	0
GB54526	0
GB54923	1
GB41472	1
GB40599	1
GB48536	0
GB40718	2
GB50159,GB43064	1
GB55916	0
GB50977	0
GB54835,GB54835	1
GB55090	0
GB46305	0
GB40941	1
GB51622	0
GB50460	0
GB48454	3
GB44041	1
GB50652	1
GB42898	0
GB53815	1
GB48813	0
GB44049	1
GB47055	0
GB46015,GB46062	1
GB55772	0
GB52056,GB52054	2
GB43420	0
GB48115	0
GB50638	0
GB50063	0
GB49372	1
GB46952,GB46952,GB46952	3
GB52153	2
GB49962	1
GB40555	0
GB45919	0
GB52028	0
GB49323	4
GB45666	1
GB44519	1
GB40874	0
GB44946	4
GB40720	1
GB44207	1
GB44904	0
GB51345	0
GB46124	0
GB44772	4
GB47064	1
GB53709	0
GB43575	1
GB52523	3
GB52261	2
GB40894	0
GB51805,GB51805	1
GB49362	4
GB44396	2
GB49276	0
GB42428	1
GB52875	0
GB47420	6
GB47417	0
GB41373	0
GB53438	1
GB51125	0
GB41985	1
GB52667	1
GB40626	5
GB45458	2
GB54802	0
GB44232	0
GB42819	3
GB47966	0
GB42210	0
GB53679	1
GB41447	1
GB50809	0
GB54842	0
GB52658	0
GB52723	0
GB54042	0
GB41293	0
GB48230	0
GB51496	2
GB41488	1
GB50024	2
GB45810	2
GB44515	0
GB47554	0
GB51845,GB51844	1
GB56027	1
GB40796	2
GB51728	0
GB55777	0
GB40911	1
GB51092	1
GB46847	1
GB47409	0
GB46615	1
GB42237	0
GB47512	5
GB42963	5
GB49354	2
GB44081	0
GB45929	1
GB49342	1
GB40381	6
GB54510	0
GB47460	0
GB55466	0
GB50334	0
GB52073	0
GB43153	0
GB41043	0
GB52104	1
GB47338	1
GB42346	2
GB53299,GB53299	2
GB51335	0
GB50967	0
GB40998	1
GB41358	2
GB49449	0
GB52973	5
GB43684	0
GB42604	1
GB46541	0
GB50041	2
GB43231	5
GB49033	0
GB48144	0
GB52798	1
GB49240	1
GB42889	5
GB54308	0
GB55544	1
GB55438	0
GB41886	1
GB55984	0
GB47496	0
GB43623	0
GB49514	6
GB44771	2
GB53751	0
GB41834	2
GB42110	0
GB41797	1
GB44745	0
GB46248	1
GB53712	0
GB47432	3
GB47751	0
GB41513	0
GB52097	0
GB46889	1
GB44004	1
GB52654	0
GB43130	2
GB48973	1
GB52729	0
GB53321	0
GB40342	0
GB45497	2
GB45298	0
GB54210	2
GB44543	0
GB44511	0
GB44832	0
GB44011	1
GB44865	1
GB40128	3
GB40838	2
GB46255	2
GB55921	1
GB50390	0
GB42024	1
GB49776	0
GB50675	2
GB49722,GB55730	3
GB49262	0
GB40162	1
GB40304	0
GB54474,GB54474	3
GB42983	0
GB47462	0
GB48745	2
GB50642	0
GB52756	3
GB48301	4
GB51762	1
GB49939	0
GB48406	0
GB43248	8
GB54295	1
GB48979	5
GB41417	0
GB41727,GB41727	2
GB54570	0
GB52322	0
GB40385	0
GB55864	1
GB43075,GB43076,GB51790,GB51799	1
GB52725	0
GB45316,GB45316	1
GB46464,GB44763	2
GB41391,GB54040	1
GB52075	0
GB46493	0
GB46335,GB41276	2
GB44555	0
GB55283	0
GB43834	1
GB50694	1
GB55383	0
GB40271	0
GB43121	2
GB41671	0
GB54598	0
GB55282	0
GB40967	0
GB49469,GB52902	4
GB42722	0
GB49684	1
GB42106	0
GB51949	3
GB45650	2
GB42837	1
GB44676,GB44676	3
GB50282	2
GB42216	2
GB43184	0
GB50108	0
GB50289	1
GB54841,GB54841,GB54841,GB54841,GB54841	2
GB48022	4
GB52614	2
GB49448	0
GB50622,GB50622	1
GB44513	3
GB45304	0
GB49242	2
GB52895	3
GB54722	0
GB45689	3
GB49304	2
GB45258	0
GB40166	0
GB41689	2
GB44079	0
GB51883	1
GB46903	0
GB46870	0
GB47079	0
GB47443	1
GB49481	1
GB45324	3
GB47652	1
GB52105	0
GB41625	0
GB54379	0
GB45673	0
GB47662	0
GB55331	1
GB51009	0
GB50801	1
GB43627	0
GB42212,GB42213	1
GB50142	4
GB53189	0
GB49495	1
GB41843	0
GB53565	1
GB47236	1
GB44179	2
GB44802	0
GB42367	0
GB52043	0
GB46007	1
GB55711,GB53601	2
GB41598	1
GB53426	1
GB54328	2
GB43379	3
GB52805	0
GB40392	1
GB55413	2
GB42671	2
GB48948	1
GB49020	5
GB49626	2
GB45882	0
GB43894	0
GB44597	5
GB46790	0
GB55872	0
GB49118	0
GB48871	1
GB42279	0
GB48667	0
GB48728	2
GB42262	2
GB40750	0
GB53137	3
GB49156	2
GB42306	0
GB44418	0
GB45667	0
GB45357	1
GB42356	1
GB53632	0
GB52736	4
GB49303	1
GB50779	3
GB50704	0
GB47330	2
GB52675	0
GB48475	0
GB55509	1
GB45153	4
GB44422	1
GB53394,GB53394	1
GB47500	1
GB40015	0
GB42802,GB42802	1
GB51723	0
GB54364	0
GB52183,GB52183	1
GB53659	1
GB53030	0
GB54938	2
GB49882	0
GB48270	0
GB45948	0
GB55434	0
GB45313,GB45313	1
GB49543,GB42343	1
GB55646	0
GB52462	3
GB40559	1
GB48837	1
GB50202	2
GB55979	0
GB46204,GB46204	2
GB53338	1
GB46039,GB52107	5
GB44440	0
GB46132	0
GB54182	1
GB51395	0
GB55334,GB55335	0
GB44601	0
GB48858,GB48858,GB48858	2
GB42872	0
GB54342	3
GB41602	0
GB40891	0
GB42577	2
GB44119	0
GB44653	0
GB47740	1
GB49382	1
GB53538	0
GB54252	0
GB43942	2
GB52801	1
GB55805	0
GB52595,GB52595	2
GB49711,GB49711	1
GB49650,GB49650	4
GB44735	0
GB47274	1
GB42648	0
GB44018	1
GB50745	1
GB51719	2
GB54037	1
GB43890	0
GB41795	1
GB54729	0
GB43980	0
GB44334	1
GB53916	1
GB50509	1
GB55039	0
GB44301	1
GB47302	11
GB51699	0
GB55811	1
GB53634	4
GB45738	0
GB48151	0
GB43453	0
GB54797	0
GB49032	1
GB41430	1
GB42525	0
GB55203	1
GB47516	0
GB46521	0
GB55701	3
GB47752	3
GB41661	2
GB42759	0
GB50198	0
GB49230	0
GB50197	2
GB48175	1
GB42738	1
GB55078	0
GB53580,GB53580	1
GB50849	0
GB41562,GB41562,GB54005,GB54005,GB53265	3
GB53532	0
GB52791	1
GB48188	1
GB50117	6
GB41751	0
GB49551	0
GB52913	0
GB46603	0
GB48937	2
GB52640	0
GB42764	2
GB44369	0
GB49738	0
GB53002	0
GB46507	1
GB42593	0
GB54377	0
GB45036	1
GB45528	0
GB44544	1
GB47973	1
GB49763	5
GB44296	1
GB46026	3
GB55367	1
GB47489	0
GB45038	0
GB41459	2
GB46177	5
GB44116,GB47527	3
GB46169,GB40710	1
GB50338	0
GB43377	1
GB53743,GB53743,GB53743,GB53743	2
GB41998,GB41999	2
GB44549	1
GB48209	1
GB48555	1
GB40771	2
GB40538	3
GB45722	0
GB55549	1
GB48341	4
GB41265	1
GB48330	4
GB51077	1
GB46752	0
GB47383	0
GB53516	5
GB45202	1
GB49255	2
GB46005	1
GB40543	3
GB41244	1
GB46422	1
GB52702	1
GB54557	0
GB45012	0
GB41794	0
GB45491	0
GB44888	1
GB52933	1
GB45969,GB46281	1
GB49596	2
GB41073	0
GB53313	4
GB44810	2
GB50287	2
GB46765	0
GB54678	0
GB45924	0
GB41016	1
GB40320	0
GB43543	2
GB51074	2
GB47349	0
GB42161,GB42161	1
GB46184	3
GB44086	0
GB45366	2
GB52210	1
GB47791,GB45779	2
GB47279	4
GB43464	1
GB47217	3
GB46511	0
GB54844	0
GB40843	1
GB42457	0
GB48059,GB48059	4
GB43526	3
GB49753	0
GB48976	1
GB43105	2
GB49949	0
GB44932	1
GB48790	2
GB54356	5
GB47082	0
GB51592	0
GB44383	1
GB41160	0
GB44457	0
GB49492	6
GB47295	0
GB46448	3
GB46118	3
GB46061	0
GB44935	0
GB47814	1
GB48883	2
GB48560	5
GB51493	1
GB47998	0
GB50621	0
GB50514	1
GB42420	0
GB52744	1
GB42701	3
GB53261	8
GB46757	2
GB40145	0
GB47495	0
GB44056	0
GB54165	0
GB46265	1
GB52718	1
GB45597	2
GB41230	3
GB54573	0
GB49099	1
GB53046	2
GB43292	0
GB43125	2
GB45015	1
GB44251	0
GB46516	0
GB48372	1
GB48628	1
GB54131	0
GB46597	1
GB49078	12
GB53783	0
GB42874	4
GB44913	2
GB47964	0
GB55071	0
GB44420	1
GB47599	0
GB42085,GB42085	3
GB52768	1
GB43938	0
GB47571	0
GB53001	0
GB54132	1
GB44521	2
GB51506	2
GB45651	0
GB40119,GB40119	2
GB52517	2
GB45125	0
GB51188	0
GB49608	0
GB52712	0
GB51797	1
GB44974	5
GB53250	1
GB43816	1
GB41781	0
GB44134	0
GB50473	4
GB46576	3
GB53288	1
GB41499	0
GB45876	0
GB43495	3
GB55976	0
GB41967	0
GB44421	2
GB48325	3
GB50091	2
GB45860	4
GB44220	1
GB45452	0
GB49768	0
GB40072	1
GB44124	0
GB47089	0
GB55959	5
GB52697	0
GB44342	0
GB49582	1
GB50443	0
GB40086	2
GB50177	1
GB55463	0
GB46679	4
GB50276	1
GB47539	1
GB55501	0
GB50447	1
GB48846	3
GB48533	0
GB50753	2
GB54684	0
GB46178	3
GB50180	0
GB51042	3
GB51644	0
GB46612	0
GB40888	2
GB41754	1
GB40784	1
GB42369	2
GB49936	0
GB52598	2
GB49973	6
GB52671,GB52671	3
GB40945	2
GB53954	7
GB45856	0
GB48806	0
GB46028	0
GB47057	1
GB51341	1
GB42596	1
GB54753	0
GB41865,GB41865	2
GB49621	3
GB55183	0
GB54314	1
GB43660,GB43660,GB43660	4
GB49047	0
GB54450	1
GB40935	0
GB41483,GB43022	1
GB42082	3
GB49657,GB49657	1
GB55875	0
GB40903	0
GB44138	0
GB43692	0
GB49452	0
GB48812	1
GB51144	1
GB45703	0
GB41266	2
GB47627	0
GB49363	1
GB46027	0
GB44074,GB44133,GB41707	1
GB40730	0
GB53617	1
GB44494	6
GB44486	0
GB40107	0
GB42426	1
GB41670	5
GB54353	1
GB45863	2
GB54589	1
GB40030	0
GB41979	1
GB45864	0
GB41759	0
GB43128,GB43127	7
GB43790	1
GB52429	0
GB55454	1
GB40610	0
GB50890,GB50890	3
GB50935	0
GB45490	2
GB50900,GB50900	4
GB51570	0
GB48170	0
GB44680	2
GB48638	0
GB47016	5
GB54928	0
GB40574	1
GB41232	0
GB48351,GB40568	1
GB46663,GB46663,GB43932	2
GB55779	2
GB43500	7
GB41445	0
GB47832	0
GB48251	0
GB44799	5
GB50497	0
GB49854	3
GB46419	1
GB44633	5
GB46159	0
GB42202	0
GB55092,GB48318	1
GB54267	0
GB52956	1
GB54806	0
GB55514	0
GB50154	0
GB44965	0
GB53962	5
GB51710	2
GB46120	0
GB49027	0
GB42272	0
GB40302	0
GB45044	0
GB53518	2
GB55151	1
GB52876	0
GB50186	0
GB48468	7
GB55969	1
GB55710	1
GB44928	1
GB50037	0
GB51070	0
GB53604	2
GB47336	1
GB55351	0
GB51282	0
GB54958	0
GB49040	1
GB42770	0
GB54549	8
GB49930	2
GB51629	1
GB45111	0
GB50492	1
GB49090	0
GB51033	1
GB49801	1
GB53139,GB53139	4
GB40883	1
GB55870	0
GB49423	0
GB53823	1
GB54972	2
GB49496	0
GB40517,GB40517	2
GB49785	1
GB41890	0
GB46801	3
GB53440	2
GB44354	0
GB55892	0
GB49562	0
GB48709	0
GB40751	0
GB55630,GB55630	1
GB49871	1
GB46974	0
GB43788	2
GB43483	1
GB53302	0
GB41363	0
GB51720	1
GB54478	0
GB53329	0
GB43393	3
GB48215	0
GB52323	0
GB43416,GB53053	1
GB40463	1
GB42252	0
GB50191	0
GB40886	0
GB51518	1
GB52093	0
GB46143	2
GB53840	0
GB41732	0
GB54321	1
GB40537	0
GB51283	2
GB40615	3
GB55654	2
GB45701	1
GB52692	0
GB44233	0
GB54376	1
GB46283	0
GB44873	0
GB44177	0
GB50927	0
GB45593	0
GB44992	0
GB41742	0
GB45811	1
GB47105	0
GB55520	1
GB48371	3
GB44897	0
GB53161,GB53162	8
GB54980,GB55315	2
GB52251	0
GB47458	1
GB45883	1
GB47436	0
GB42184	0
GB53287	0
GB54937	4
GB54750	0
GB40782	3
GB51258	1
GB45826	0
GB49485	3
GB55165	0
GB41336	0
GB53257	1
GB46115	2
GB55499	0
GB51954	0
GB44439	2
GB49540	0
GB53363	0
GB52507	0
GB44983	0
GB50751	0
GB48437	2
GB49791,GB49792	8
GB45885	1
GB53099	1
GB40656	2
GB46071	0
GB50924	2
GB40885	2
GB43704	3
GB54765,GB54743	2
GB51667	0
GB40109	1
GB48380	1
GB51343	1
GB48417	0
GB51165	0
GB46086	1
GB44689	1
GB46024	0
GB53242	0
GB50231	0
GB47602	1
GB48927	0
GB54811	5
GB51807	0
GB46638	0
GB51334	0
GB46586	0
GB51651	4
GB50003	1
GB53312	2
GB53948	1
GB55855,GB55855	1
GB47901	1
GB48644	0
GB46289	13
GB50346	2
GB54724	2
GB51973	0
GB43392	3
GB44431	1
GB50962	0
GB46427	1
GB42458	1
GB43626	1
GB45018	0
GB42706	0
GB47014	1
GB48444	1
GB43143	0
GB41692,GB41692	2
GB53431	0
GB51767	5
GB41291	0
GB47498	0
GB45177	0
GB52626	6
GB45282	0
GB49700,GB47931	1
GB44299	0
GB49970	2
GB51368	0
GB54610	3
GB45613	3
GB53298	2
GB48748	0
GB46598	0
GB41495	0
GB50435	0
GB51662	1
GB43520	1
GB46206	1
GB40305	4
GB44368	3
GB54755	1
GB50952	0
GB51489	0
GB41129	1
GB42187	2
GB52350	0
GB52774	0
GB49397	3
GB52290	3
GB52065,GB52065	1
GB56005	0
GB55405	1
GB50846	0
GB54209	2
GB52829,GB52829	1
GB44512	3
GB41761	1
GB42805	0
GB44496	0
GB50382	0
GB55186	0
GB53689	0
GB53286	1
GB53016	4
GB43260	0
GB42987	0
GB53932	1
GB41904	1
GB50857	0
GB54579	0
GB52191	7
GB53908	0
GB47955	2
GB47593	1
GB47395	2
GB46017	0
GB53847	0
GB55703	0
GB47518	2
GB42015,GB42015	1
GB55951	2
GB42180	0
GB49998	2
GB50027,GB50314	3
GB46732	1
GB41700	0
GB42966	0
GB54057	0
GB48942	0
GB45716	1
GB41467,GB41467	0
GB53191	0
GB44280	0
GB49399	0
GB51841,GB51840,GB48478,GB51444	4
GB42812	1
GB52315	1
GB40963	2
GB43207	2
GB44623	0
GB45218	1
GB47675	3
GB51088	0
GB55478	0
GB49260	1
GB50630	1
GB46113	2
GB41773	1
GB51048	0
GB48382	3
GB45382	0
GB54339,GB46094	2
GB54578	1
GB48829	0
GB43559	2
GB45829	0
GB41208	0
GB40077	3
GB52852	0
GB48150	1
GB55786	0
GB45377,GB45377	2
GB52715	9
GB49628	1
GB41504	0
GB41822	0
GB52604	1
GB43421	0
GB55909	0
GB48794	0
GB42263	0
GB50342	1
GB54110	4
GB50931,GB50931	6
GB51068	0
GB52742	0
GB47904	1
GB43280	1
GB45508	1
GB45541	0
GB46677	0
GB52882	1
GB41241	0
GB47669	0
GB52918	0
GB45082	0
GB53307	2
GB47352	0
GB43640	0
GB46995	0
GB51586	0
GB41660	1
GB49147	0
GB47415	2
GB46784,GB46784	1
GB47306	1
GB44796,GB44793,GB44796	2
GB46094,GB41306,GB41306,GB41310,GB44311,GB43029	4
GB44939	2
GB51983	0
GB44355	1
GB42412	0
GB51487	1
GB45416	1
GB49157,GB49157	1
GB53522	1
GB41823	2
GB49960	0
GB47474	1
GB51815,GB43006,GB43005,GB43007,GB42460	7
GB45581	2
GB54714	0
GB53567,GB53567	1
GB52810	5
GB51916	1
GB42964	0
GB44697	0
GB54990	3
GB49593	1
GB49836	0
GB48963	2
GB44186	0
GB51366	0
GB42384	3
GB45715,GB45658	2
GB45123	0
GB49689,GB49689	2
GB52361,GB52362	5
GB44467	0
GB50271	0
GB52643	1
GB41792	0
GB46533	0
GB40521	4
GB53146	0
GB56012	0
GB48464	1
GB52204	2
GB50747	0
GB50148	0
GB40746	0
GB50361	1
GB42478	0
GB43134	1
GB46515,GB46514	7
GB44970	0
GB51866	2
GB54676	0
GB55155	0
GB45280	0
GB49553	0
GB45702	2
GB52717	1
GB41716	0
GB44776	4
GB50978	0
GB42013	1
GB44863	1
GB41603	0
GB42650	0
GB44306	0
GB48413	4
GB50218	0
GB41654	0
GB55902	3
GB55856	2
GB44504	1
GB55380	0
GB43263	0
GB47210	0
GB46687	2
GB45602	2
GB49401	0
GB49539	0
GB45638	2
GB51197	1
GB54585	0
GB47148	2
GB42720	3
GB46208	1
GB48670	1
GB51637	0
GB55012	1
GB41142	0
GB51863	1
GB46678	0
GB42239	0
GB55439	1
GB55724	0
GB40135	0
GB45422	6
GB41490	3
GB48445,GB48447	2
GB54286	2
GB45834,GB48308	1
GB53912	1
GB48312	0
GB40858	1
GB41033	8
GB48653,GB49375	5
GB42531	0
GB53848	5
GB46907	0
GB42079	0
GB43732	1
GB44287	0
GB48933	1
GB51254	0
GB49458	0
GB48930	0
GB54763	2
GB46714	0
GB45286	1
GB52612	0
GB51659	2
GB42233	1
GB44642	0
GB49000	0
GB53070	2
GB40794	0
GB40349	0
GB56003	2
GB41898	4
GB50076	8
GB40087	1
GB49404	1
GB55441	0
GB53831	1
GB50096	0
GB47601	0
GB51588	0
GB42692	1
GB44640	1
GB51047	0
GB49440,GB49441	2
GB43282	2
GB40461	1
GB42726	1
GB52382,GB52383,GB52379,GB52381	10
GB49222	0
GB43390	1
GB53566	1
GB48190	1
GB54283	1
GB44479	0
GB54420	2
GB48579	0
GB54601	2
GB47048	0
GB55332	2
GB53910	1
GB51851	1
GB49490	0
GB49520	1
GB42828	1
GB50560	0
GB48098	0
GB48632	0
GB43210	0
GB44478	1
GB48870	0
GB55297	1
GB45609	0
GB49506	0
GB40431	3
GB54929	1
GB46050	0
GB43920	1
GB53512	1
GB44774	1
GB49886,GB46814,GB40284	13
GB46148	2
GB48193	1
GB44358	3
GB40604	2
GB55532	1
GB43635	0
GB49479	0
GB54827	2
GB53375,GB47133	1
GB44221	4
GB40510	2
GB40147	0
GB52826	0
GB40564	2
GB54783	1
GB47826	0
GB52731	3
GB55202	1
GB54373	2
GB51904	2
GB49166	2
GB45640	0
GB51910,GB52896	1
GB51503	1
GB43266	0
GB52636	0
GB41469	1
GB48642	0
GB48243	0
GB49476	0
GB54123	3
GB50554	1
GB53444	8
GB51426,GB51423	1
GB54203	0
GB50729	0
GB44670,GB51729	2
GB42459	3
GB54281	0
GB50822	0
GB45102	1
GB53236	1
GB55007	4
GB42140	1
GB50209	1
GB47341	1
GB50093	0
GB44304,GB44337	0
GB40227	1
GB55107	0
GB42415	0
GB45391	2
GB54163	0
GB49132	1
GB41846	0
GB52023,GB49875	13
GB48903	3
GB55729	1
GB50323	0
GB41206	1
GB54996	1
GB51724	3
GB51820	11
GB42708	0
GB51528	0
GB49343	2
GB44135	3
GB46650	0
GB50963	0
GB54951	0
GB47884	1
GB46467	0
GB49690	2
GB47972	0
GB50577	0
GB41606	0
GB50030	0
GB55804	0
GB45400	2
GB54950	0
GB40382	4
GB47120	0
GB54449	0
GB53271	6
GB41845	0
GB54446	0
GB56025	0
GB53628	0
GB44505	1
GB45362	3
GB45269	1
GB54362	0
GB46930	1
GB42204	0
GB50011	1
GB53756,GB53755	13
GB44984	0
GB43180	0
GB52496	0
GB44836	2
GB50217	1
GB41718	1
GB48986,GB48987,GB48988	1
GB55337	4
GB40428	0
GB48189	0
GB55312	3
GB49692	1
GB46501	0
GB55651	0
GB45185	0
GB55371	0
GB53132	0
GB53345	1
GB41031	0
GB53192	1
GB54231	1
GB40159	4
GB45583	5
GB55592	0
GB46520	0
GB42779	0
GB42724	0
GB51004	2
GB46775	1
GB49799	1
GB42317	0
GB46306	0
GB49175	0
GB43733	4
GB51079	0
GB46067	4
GB49734	0
GB54120	2
GB53430	0
GB55511	0
GB40259	5
GB47719	0
GB51414	1
GB52385	7
GB55528	1
GB50920	0
GB50339	0
GB43729	2
GB50332,GB50331	2
GB42838	1
GB54920	1
GB48172	0
GB44879	1
GB43114	0
GB55818	2
GB44006,GB44006	4
GB49524	1
GB54218	1
GB55498	2
GB40234	1
GB55201,GB55171	1
GB43921	0
GB42141	3
GB51155	2
GB40298	0
GB49879	0
GB45354	0
GB41079	1
GB55512	0
GB41643	0
GB41067	1
GB43088	0
GB50221	0
GB49945	1
GB55216	2
GB42234	0
GB46737	4
GB47810	0
GB50845	0
GB44045,GB53014	1
GB40522	0
GB44130	0
GB48996	1
GB53322	2
GB51593,GB53266	4
GB40929	0
GB52101	2
GB47299	12
GB51195	1
GB45440	3
GB42194	2
GB48161	2
GB52957,GB52958	1
GB48126	0
GB46287	2
GB44363	0
GB51186	0
GB48343	5
GB54181	1
GB42281	0
GB52752	2
GB51121	0
GB49769	0
GB41796	0
GB51037	0
GB49390	1
GB47112	4
GB45261	1
GB55568	0
GB45739	1
GB41205	1
GB41252	1
GB49086	1
GB42312	1
GB55455	1
GB40362	1
GB41214	0
GB43438	0
GB40141	2
GB45867	0
GB54180,GB43794,GB43792	1
GB51332	0
GB46221,GB46157	1
GB47896,GB47896	2
GB55456	0
GB55484	0
GB45540	1
GB40481	2
GB53374	1
GB42867	0
GB50373	0
GB45680	0
GB44430	2
GB46741	2
GB41510	1
GB53818	2
GB43126	0
GB54319	3
GB47882	4
GB52087	7
GB44987	1
GB46921,GB41972	3
GB42659	1
GB53958	0
GB40785	2
GB42323	1
GB50206	2
GB47454	2
GB51743	0
GB42261	0
GB50800	2
GB49750	0
GB50985	1
GB48100	0
GB51721	1
GB41292	1
GB40972	2
GB49500	3
GB53579,GB53578	10
GB53805	0
GB44659	0
GB52013	0
GB45381	0
GB47301	5
GB48580	0
GB48352	0
GB50448	0
GB48344	2
GB48222	0
GB45350	0
GB51356	8
GB41897	0
GB50689	1
GB54845	2
GB51490	0
GB47783	1
GB42032	1
GB40732	1
GB41980	0
GB46674	0
GB52642	3
GB44598	0
GB48527	0
GB48852	2
GB42538	0
GB49625,GB49625	2
GB44889	0
GB47550	1
GB44651	0
GB44971,GB43001	2
GB40022	1
GB46888	2
GB53828	0
GB55998	0
GB51908	1
GB44711,GB44710	3
GB52827	2
GB42164	0
GB40071	1
GB50475	1
GB53861	4
GB52015	0
GB53025	0
GB45682	0
GB49837	2
GB42543	0
GB45406	0
GB48431	0
GB46657	1
GB54410	8
GB55563	0
GB45853	2
GB45265	0
GB51601	0
GB52532	0
GB46742	0
GB47594	0
GB44075	0
GB48708	1
GB42923	0
GB49326	1
GB41126	6
GB47871	0
GB49351	0
GB50192,GB50192	3
GB41243	1
GB40684	9
GB50341	0
GB50524	0
GB43285	3
GB41824	2
GB52923	0
GB43770	1
GB43118,GB43118	3
GB48953	0
GB48640	0
GB55374	0
GB50098	0
GB43365	0
GB40238	0
GB49529	0
GB50366	0
GB47284	0
GB42500	6
GB54747	0
GB48345	1
GB46513	0
GB52459,GB52458	2
GB46188,GB46188	1
GB55444	1
GB43914	0
GB49337	1
GB50034	0
GB53832	2
GB44211	2
GB44115	0
GB48384	1
GB46914	1
GB51357	0
GB55198	0
GB54992	0
GB41175	0
GB49649	0
GB43833	2
GB45356	0
GB45399	2
GB43693	0
GB55196	1
GB51615	2
GB48943	1
GB52700	1
GB44144	0
GB53677	0
GB53719	1
GB55088	3
GB46068	7
GB43989	0
GB54427	2
GB53327	4
GB55744	0
GB40390	2
GB48331	0
GB47816	1
GB55091	0
GB42038	1
GB47655	0
GB50457	1
GB55423	0
GB45649	0
GB41873	1
GB52603	0
GB55356,GB53844	1
GB43179	2
GB48362	0
GB47636	0
GB51700	3
GB40773	1
GB55163	2
GB48435	3
GB45041	0
GB44969	0
GB43081	0
GB47270	15
GB45193	2
GB43837	0
GB40932	0
GB44782	0
GB50158	2
GB47975,GB47974,GB43571	6
GB50847	2
GB51517	2
GB54978	1
GB44867	3
GB51479	0
GB51764	2
GB45806	0
GB45098	0
GB46376	1
GB46459	1
GB45464	2
GB53506	0
GB50722	3
GB49348	0
GB41046	0
GB52407,GB52398,GB52402,GB52396,GB52397,GB52399,GB52393,GB52395,GB52403,GB52404,GB52400	3
GB42375	1
GB53602	0
GB41922	1
GB40478	1
GB45664	0
GB54032	0
GB52378,GB52375,GB52377	5
GB43486	0
GB46414	1
GB50097	1
GB43827	0
GB47011	0
GB41975	0
GB49853	0
GB53086	0
GB52039,GB52039	4
GB54303	0
GB55017	0
GB44926	0
GB43604	2
GB47788	1
GB49296	1
GB48135	0
GB48645	1
GB50018	0
GB41222	3
GB46333	1
GB56004	0
GB45951	0
GB54483	0
GB53726	0
GB52740	2
GB45063,GB45062	3
GB49158	1
GB51103	2
GB47463	1
GB41986	2
GB43106	0
GB46441	2
GB46532	4
GB42321	1
GB45369	0
GB53939	0
GB47576	1
GB49498	1
GB43847	1
GB41085	0
GB50602	0
GB52060	0
GB48072	0
GB43215	0
GB41755	0
GB43150	1
GB49888,GB40284,GB49885,GB49890,GB49878,GB49894,GB49892,GB45746	15
GB46956	2
GB50354	3
GB46144	0
GB50144	0
GB51369	1
GB43132	0
GB46768	1
GB44830	1
GB47337	0
GB41607	1
GB44427	2
GB40301	1
GB46897	8
GB46030	0
GB55974	1
GB42682	0
GB48936	0
GB47493	1
GB48769	0
GB41788	0
GB46468,GB54705	1
GB44841	1
GB50075	0
GB53698	1
GB51278	0
GB55262	0
GB40207	0
GB46286	7
GB48311	1
GB43710	12
GB40422	2
GB46697	0
GB48827	1
GB42930	0
GB40747	2
GB50297	1
GB50850	1
GB53096	1
GB48271	1
GB55663,GB45975	1
GB50434	0
GB53867	0
GB40983	0
GB55170	0
GB46025,GB46025	1
GB52351	0
GB51261,GB55135	1
GB44343	1
GB45737	0
GB47463,GB51455	1
GB41390,GB41387	0
GB45552	0
GB52981	0
GB46504	1
GB40233	2
GB54683	0
GB48999	1
GB43236	0
GB46146	1
GB55914	0
GB47656,GB46832,GB46832	3
GB45678	0
GB45220	0
GB55824	1
GB54868	1
GB43246	1
GB44143	0
GB53619	1
GB55539	0
GB48855	0
GB43468	0
GB45535	0
GB41403	0
GB40340	1
GB40337	3
GB54485,GB52179,GB54460	10
GB46465	1
GB48565	0
GB51031	0
GB50950	1
GB40126	0
GB53223	2
GB41138	1
GB53154	0
GB42231	0
GB52164	0
GB45404	1
GB44787,GB44787,GB44787,GB44402,GB44402	2
GB54178	2
GB52448	0
GB55948	2
GB53136	1
GB43772	0
GB42544	1
GB46430	2
GB42922	0
GB44450	2
GB51429	4
GB46902,GB46902	2
GB42529	0
GB43913	2
GB48913,GB53801	6
GB54830	1
GB43427	1
GB46656	2
GB43991,GB43991	3
GB45878	1
GB54311	1
GB45814	0
GB41841	0
GB41029	1
GB46789	0
GB53427	4
GB44083	3
GB53437	0
GB48671	0
GB51603	0
GB46345	0
GB51562	1
GB47769	1
GB49633	0
GB50193	1
GB51034	1
GB47400	0
GB45110	0
GB44046	1
GB54650	1
GB51955	4
GB50194	0
GB48620	0
GB49264	0
GB50874	1
GB47817	1
GB55464	1
GB46066	1
GB40312	0
GB43739	5
GB50458	0
GB48316	0
GB42036	0
GB41368	1
GB48935	0
GB50944	1
GB53603	2
GB42541,GB45092	1
GB50657	0
GB43905	0
GB49356	2
GB46681	4
GB40085	0
GB43230	0
GB40142	1
GB55102	0
GB50411	2
GB50301	0
GB48419	0
GB45884	2
GB46040	0
GB50243	2
GB51802,GB47843	5
GB41800	0
GB51759	7
GB46059	0
GB45544	0
GB54044	0
GB50629	1
GB47588	2
GB45221	3
GB50454	0
GB45368	0
GB49413	3
GB52927	0
GB40483	0
GB50196	2
GB42904	1
GB51114	3
GB50214	1
GB48440	0
GB53225	0
GB42645	1
GB41179	0
GB43949	1
GB44580	0
GB52879	3
GB48409	0
GB40138,GB40136,GB40137	11
GB49928	0
GB45850	0
GB44495	0
GB40934	1
GB47318,GB47354,GB47354,GB45988	2
GB44229	0
GB45749	0
GB44842,GB44842,GB44842	1
GB50164	6
GB54435	0
GB46749,GB42434	7
GB43628	1
GB47890	0
GB46145	0
GB42776	1
GB47187	1
GB49039	0
GB50966	0
GB55010	0
GB46577	1
GB45250,GB45250	2
GB55513	3
GB52438	1
GB55849	0
GB41439	0
GB40154	0
GB55496	0
GB42385	2
GB55016	0
GB52370,GB52365,GB52373,GB52367,GB52371,GB52369,GB52375,GB52364,GB52374,GB52373,GB52368,GB52363	16
GB55774	2
GB48772	1
GB48876	0
GB44442	1
GB54166	4
GB40701	2
GB44014	3
GB49653	2
GB53303	1
GB46987	1
GB51271	0
GB42206	0
GB51672	0
GB48603	0
GB53637	0
GB49329	2
GB50925	1
GB46569	0
GB48482	1
GB54371	1
GB45077	0
GB54141,GB42128	2
GB43507	1
GB54999	2
GB43133,GB43133	1
GB42654	0
GB49389	3
GB41889	4
GB47941	0
GB44976	0
GB43728,GB43713,GB43727	4
GB49411	0
GB54294	0
GB46673	0
GB41346	0
GB50970	2
GB54250	0
GB50322	0
GB52553	0
GB46378	2
GB50534	1
GB50965	0
GB40735	2
GB42748	0
GB41485	0
GB43800	5
GB51783,GB51782,GB51783	2
GB53656	0
GB54208	3
GB49623	0
GB43026,GB43024,GB43026,GB43024,GB43023,GB46324	14
GB41184	1
GB51806	1
GB48133	0
GB53971	1
GB49974	6
GB49788	0
GB42527	4
GB49605	0
GB52917	0
GB51772	0
GB49307	1
GB53667	0
GB52530	1
GB50377	0
GB50934	0
GB53613	0
GB53105	1
GB46365	2
GB44768	3
GB47162	1
GB40734	0
GB50875	0
GB41881	0
GB50531	0
GB51849	0
GB40397	1
GB46247	3
GB49311	0
GB43825	1
GB44773	0
GB46420	3
GB55994	0
GB49048	0
GB52154	1
GB52246	0
GB42719	0
GB44426	1
GB52151	0
GB51727	1
GB41419	3
GB41189	0
GB48955	2
GB51122	2
GB44167	0
GB51661,GB51661	1
GB50763	0
GB41674	1
GB55939	0
GB46537	2
GB50239	2
GB41300	0
GB53131	0
GB49751	0
GB54506	2
GB40519	1
GB51413	0
GB46038	0
GB46426	1
GB40779	0
GB41154	0
GB48086	1
GB46174	0
GB50014	1
GB41912	1
GB48307	0
GB50902	0
GB55421	0
GB50057	1
GB53672	0
GB54611	0
GB47303	6
GB55840	1
GB53138	1
GB51043	0
GB47161	0
GB42810	0
GB51236,GB51238	5
GB54316,GB54316	2
GB54890	0
GB52504,GB51681	0
GB53500	1
GB50587	0
GB50953	0
GB54941	6
GB55611	1
GB54331	1
GB54693	0
GB48776	0
GB49924	1
GB44103	2
GB41715	0
GB45397	4
GB47570	0
GB42466	1
GB46369	1
GB41135	2
GB54916	1
GB53179	0
GB50744	1
GB49901	0
GB51709	0
GB50053	7
GB48017	0
GB48703,GB48704,GB48703,GB48703,GB44714,GB42589,GB48703,GB44714,GB46559	11
GB50269	0
GB42469	2
GB48578	1
GB45757	1
GB54135,GB54136	3
GB55330,GB49708	4
GB40562	0
GB45866	0
GB52982	0
GB40754,GB40754	1
GB51383	2
GB54212	0
GB42170	3
GB47030	1
GB53705	0
GB54547	0
GB51756	0
GB54179	1
GB55185	0
GB52415,GB52414,GB52416,GB52414,GB52413,GB52416,GB52416,GB52415	16
GB52804	3
GB47929,GB47929	1
GB50010	1
GB49439	0
GB51247	1
GB50272	1
GB44540	0
GB46112	1
GB52727	0
GB50623	1
GB54546	2
GB48005	1
GB48898,GB48899,GB48897,GB52653,GB46095,GB46096,GB46096	10
GB48857	0
GB52995	1
GB44977	0
GB52343	0
GB41691	0
GB47720	1
GB54605	0
GB43813	1
GB43702	2
GB50087	0
GB55946	2
GB42917	0
GB50984	1
GB50347	0
GB55046	3
GB45887,GB46235	1
GB45820	0
GB46926	0
GB52354	1
GB51085	2
GB45582	2
GB43175	1
GB42377	0
GB42072	1
GB54687	1
GB41626	0
GB55898	0
GB44671	0
GB55638	0
GB50510	0
GB40748	3
GB43814	1
GB49770	2
GB43092	0
GB49807	0
GB47885	2
GB43706	1
GB46767	6
GB42693	2
GB49116	0
GB45451	1
GB49339	4
GB49331	0
GB55241	5
GB55160	0
GB42192	0
GB45514	0
GB49955	2
GB48664	8
GB53373	0
GB43621	0
GB50887	0
GB47515	2
GB41301	0
GB55408	1
GB53080	0
GB50242	0
GB52761	0
GB48080	1
GB41207	0
GB46337	0
GB51231	0
GB46471	7
GB44129	0
GB50995	0
GB50298	0
GB40806	8
GB46606	1
GB52560	0
GB52792	1
GB43389	0
GB47668	0
GB46500	5
GB51654	0
GB46547	0
GB40416	2
GB41471	1
GB44732	0
GB54279	0
GB47328	2
GB41901	0
GB54215	0
GB42303	0
GB40830,GB40830	2
GB50933	0
GB42785	0
GB49868,GB49919	5
GB41047	0
GB46646	2
GB48412	2
GB40596	1
GB55626	0
GB52646	3
GB45886	0
GB47658	1
GB41591	2
GB52946	0
GB43546	0
GB44109	1
GB40239	1
GB42350	0
GB49019	2
GB43755	0
GB45688	0
GB40831,GB40831	12
GB40496	0
GB53407	1
GB43904	3
GB42112	2
GB47046	0
GB54259	1
GB45504	0
GB49897	1
GB42829	6
GB48143	3
GB55667	1
GB50312	0
GB49402	0
GB53940,GB53940	2
GB45775	0
GB53335	0
GB53803	1
GB48195	9
GB40019	1
GB54187	1
GB49384	2
GB45709	2
GB43868	0
GB53965	0
GB52721	0
GB55596	2
GB50042	0
GB51129	1
GB47455,GB52437	5
GB48486,GB45532	2
GB50013	0
GB52693	3
GB54808,GB40047	1
GB50427	0
GB51556	1
GB47324	1
GB52040	0
GB55798	1
GB40358	1
GB43564	0
GB52030	7
GB55009	0
GB53731	1
GB44780	1
GB47735	1
GB48779,GB48779	2
GB41677	0
GB55370	1
GB42649	1
GB48798	0
GB53337	1
GB46642	0
GB43521	0
GB51670	0
GB41302	1
GB46763	1
GB40053,GB40169	0
GB43311,GB43310,GB48321	6
GB46536	0
GB48674	0
GB46495	0
GB53524	1
GB42084	1
GB45501,GB45500	0
GB53023	0
GB47878	0
GB45295	1
GB45146	0
GB55228	2
GB53347,GB53346	14
GB51685,GB53876	5
GB45628	2
GB51084	1
GB45342	0
GB55788	1
GB51683	0
GB49895	1
GB41159	1
GB54968	0
GB46494	0
GB50658	0
GB53385	0
GB55070	2
GB51524	1
GB47272	0
GB52245	2
GB55941	1
GB45511,GB45511	1
GB42315	0
GB40836	2
GB41162	1
GB47651	1
GB42592	2
GB55975	1
GB54018	0
GB46121	1
GB40303	1
GB54698	1
GB44718	1
GB49784	1
GB55108,GB55108	7
GB48600	0
GB40069	0
GB40659	0
GB50756	2
GB47234	0
GB53249,GB45509,GB45510	2
GB40733	0
GB54813	0
GB50551	4
GB48010	1
GB54767	3
GB45251	0
GB48488	0
GB53882	1
GB42924	1
GB52747	0
GB53354	1
GB52393	0
GB40222	1
GB45435	0
GB54386	0
GB54089	1
GB46706	4
GB46285	0
GB55281	0
GB50865	1
GB54949	1
GB41842	1
GB45632,GB45632	6
GB42678	1
GB45869	5
GB47065	0
GB49963	2
GB43193	0
GB48430	0
GB41137	0
GB51867	1
GB46123	1
GB40778	0
GB48278	0
GB44871	2
GB42400	0
GB42526	0
GB52069	0
GB46616	0
GB55263	9
GB44058	6
GB52655	1
GB50235	1
GB49414	0
GB42075	0
GB43353	0
GB51394	2
GB42052	0
GB41486	0
GB46386	0
GB44181	4
GB50055,GB50052,GB50054	14
GB43155	4
GB48364	1
GB41240	0
GB48121	0
GB49975	0
GB53398	0
GB48448	0
GB52410,GB52412,GB52410,GB52410	10
GB48132	0
GB42981	0
GB41569	2
GB45855	1
GB50128	0
GB48039	0
GB42051	0
GB52915	0
GB53068,GB53068	1
GB46201	0
GB45854	0
GB54956	0
GB54848	2
GB53230	1
GB55316	0
GB55559	0
GB42550	1
GB48604	1
GB49446	0
GB55053	2
GB51203,GB53877	1
GB48826	0
GB44154	1
GB41128	0
GB44514	3
GB44289	4
GB53256	0
GB47229	1
GB47203	0
GB47828	1
GB54583	0
GB40225,GB51380	2
GB42824	1
GB44110	0
GB47749	1
GB49979	0
GB49259	0
GB52080	0
GB53609	0
GB50077	1
GB48411	1
GB43519	0
GB53434	2
GB40781	1
GB49762	1
GB55285	0
GB48597	1
GB49504	0
GB43964	3
GB41367	1
GB47010	0
GB46461	0
GB45247	1
GB40554	3
GB41258	2
GB49321	2
GB51888	1
GB48408	2
GB48231,GB48231	1
GB40102	1
GB41146	1
GB40837	0
GB47159	0
GB54302,GB54302,GB54302	2
GB54334	2
GB43884	0
GB44039	0
GB46980	0
GB55510	0
GB44139	0
GB50305	0
GB45078,GB45081,GB45079,GB45079,GB45079,GB45078,GB40668,GB40666,GB40664,GB40665,GB40667,GB40666,GB45078,GB49208	22
GB55066	0
GB49826	8
GB40511	1
GB54855,GB54856	2
GB50384,GB50383	2
GB52466	3
GB49371	0
GB43690	7
GB42301	0
GB43819	0
GB43419	1
GB41882	2
GB42139	0
GB49810	0
GB51945	8
GB53921	0
GB51141	0
GB47134	1
GB43332	2
GB55978	0
GB41785	4
GB54033	1
GB48630	0
GB44336	1
GB55825	1
GB43625	2
GB48109	6
GB44113	2
GB52629,GB52629	1
GB41178	0
GB43466	0
GB54655	0
GB44098	0
GB44558	0
GB42230	2
GB43554	0
GB50990	0
GB54292	2
GB51227,GB51227	4
GB45256	0
GB51657	0
GB47678	0
GB43955	0
GB44312	0
GB44707	0
GB48983	2
GB44484	0
GB40113	0
GB55419	0
GB41234	0
GB40938	0
GB51578	1
GB46202	1
GB55963	0
GB46073	1
GB49672,GB49672	2
GB41203	0
GB52029	4
GB54205	3
GB45637	1
GB48134	1
GB53829	0
GB48032	0
GB46131	0
GB55841	3
GB52854	0
GB45267	0
GB50598	7
GB47553	1
GB49789	1
GB51733,GB40635,GB45983	6
GB51650	4
GB50998	0
GB49139	0
GB55077	0
GB49609	1
GB49813	0
GB40360	2
GB50181	0
GB41263	1
GB40425	0
GB40157	9
GB53646	1
GB45831	0
GB41647,GB41695	1
GB49416	1
GB52344	0
GB53404	1
GB54540	0
GB53723	1
GB49643	0
GB55161	0
GB54388	1
GB42786	1
GB52345	0
GB48235	0
GB43586	2
GB48450	0
GB45239	2
GB42918	0
GB46408	0
GB48241	0
GB49632	0
GB45851	2
GB41724	1
GB55422	0
GB41599,GB49018	8
GB50893	0
GB42050	0
GB44400	1
GB47551	3
GB50811	0
GB46772	0
GB52754	2
GB52799	0
GB53953,GB45420	0
GB52728	1
GB51602	0
GB40456	0
GB56029	1
GB53421	0
GB46727	3
GB52303	1
GB50867	0
GB44415	0
GB52464	5
GB40098	0
GB44044	2
GB44585	1
GB55516	0
GB49180	0
GB53915	0
GB49638	0
GB49340	0
GB52331	0
GB41360	1
GB50647	0
GB43219	5
GB54717,GB43781,GB43787	4
GB40061,GB40061	2
GB45934	1
GB49515	0
GB40556	0
GB49552	9
GB40057	2
GB44501	0
GB42618	0
GB55440	0
GB41339,GB41326	5
GB51002	1
GB45437	3
GB55906	0
GB43548	2
GB51643	1
GB44821	1
GB46022	1
GB49904	0
GB46444	2
GB44800	1
GB45057	0
GB46726	0
GB51331	0
GB41690,GB41690	3
GB42775	0
GB46774	0
GB52156	1
GB50996	0
GB46766	0
GB45230	0
GB54340	0
GB49347	7
GB50869	1
GB41483	0
GB48466	0
GB44132	6
GB54244	0
GB43634	0
GB45023	1
GB42613	0
GB46635	1
GB46275	1
GB51078	0
GB44171,GB50929	1
GB45538	1
GB45925	0
GB41981	1
GB44191	1
GB45255	3
GB47315	0
GB46210	0
GB47968	0
GB41549	1
GB42811	1
GB43036,GB43035	2
GB43563	2
GB54401	0
GB42614	0
GB47933	1
GB42707	3
GB40270	0
GB50106	1
GB45305,GB45305	3
GB54888	9
GB40561	1
GB45515	0
GB42742	0
GB49350	2
GB53736,GB53736	2
GB52652	0
GB51108	0
GB47580	2
GB42891	2
GB41519	1
GB42672	4
GB40673	1
GB47849	0
GB54297	2
GB51115	1
GB42468,GB42475,GB42467,GB48511,GB48512	13
GB40639,GB40639	8
GB52600,GB52600	1
GB43742	1
GB52662	0
GB46368	0
GB52696	2
GB40439	0
GB50824	1
GB48085	0
GB50901	0
GB50436	1
GB42568	0
GB53207	0
GB48617	1
GB40473	0
GB41667	0
GB40731	0
GB45418	0
GB48534	0
GB40164	0
GB49073	2
GB47092	2
GB45096	1
GB55264	0
GB49862	1
GB50250	0
GB42411	0
GB44891	0
GB45567	0
GB47399	2
GB47804,GB47805	7
GB53706	2
GB54467	0
GB53240	0
GB46915	1
GB42714	0
GB45426	1
GB51428	1
GB42292	2
GB54851	1
GB52007	0
GB48453	0
GB55661	0
GB44572	0
GB55571	0
GB40780	0
GB53143	0
GB43195	0
GB40268	12
GB42447	0
GB50515	0
GB43401	3
GB48210	1
GB42673	1
GB55240	0
GB46043	2
GB51628	0
GB49772	1
GB42300	2
GB46000	0
GB54174	1
GB42492	0
GB47540	1
GB52347	0
GB40705	1
GB42452	1
GB43131	1
GB54932	0
GB52991	0
GB44824	3
GB42555	0
GB43479	0
GB55706,GB55707	1
GB51800,GB51800	1
GB51786	1
GB52883	1
GB44225	5
GB48727	1
GB55326	6
GB46880	1
GB54315	6
GB49902	1
GB55000	0
GB41600	0
GB50816	1
GB41143	1
GB45697	2
GB54440	0
GB42962	0
GB42968	0
GB53574,GB53574	0
GB53208	3
GB53183,GB53253	0
GB50686	3
GB51536	0
GB48960	0
GB44739	0
GB41227	0
GB40459	0
GB47770	0
GB50533	3
GB42792	1
GB45596,GB53872	4
GB45037	1
GB44432	3
GB42580	1
GB41242	1
GB41491	0
GB45700	3
GB51419	0
GB46590	0
GB40617	0
GB54917	0
GB55535	3
GB45419	0
GB44596	0
GB40576	3
GB40289	1
GB54076,GB54076	1
GB52390,GB52386	4
GB54580	1
GB50200	1
GB47320	0
GB52072	1
GB48599	0
GB55610	5
GB55265	0
GB48575	0
GB45625	0
GB52641	1
GB42561	0
GB41414	0
GB44509	1
GB49338	2
GB50858	0
GB49408	0
GB54432	0
GB43258	2
GB42476	1
GB44361	1
GB43471	0
GB43818	0
GB40339	1
GB51930	1
GB41517	1
GB42558	0
GB52209	0
GB45216	1
GB43585	0
GB50496,GB50496	2
GB44172	0
GB51620	1
GB52308	9
GB51587	0
GB53185	0
GB54426	0
GB50270	1
GB54720,GB40180	2
GB43876	1
GB52123	1
GB49313	0
GB42676	0
GB42584	1
GB42519	0
GB48682	0
GB48207	3
GB43941	0
GB42903	0
GB44205	0
GB49805,GB49806	3
GB46458	1
GB47200	0
GB47659	2
GB44532,GB50545	1
GB54866	0
GB52256	2
GB41778	6
GB49357	3
GB45040	0
GB41760	10
GB42595	1
GB51521	1
GB49016	1
GB51284	1
GB43443	0
GB53653	2
GB40699	1
GB40760	0
GB53311	0
GB54299	0
GB55515	0
GB42010,GB42010	4
GB55105	0
GB55286,GB42027	1
GB50248	0
GB44257	0
GB55429	4
GB40805	1
GB43302	0
GB49407	0
GB53020	0
GB54045	0
GB53727,GB41235,GB41235	2
GB42086	0
GB44310	0
GB47567	0
GB47398	0
GB53775	1
GB44876	2
GB46906	0
GB40884	3
GB45170	3
GB42685	2
GB46916	1
GB45047	1
GB50107	0
GB43799	3
GB54153	0
GB41976	1
GB42862	3
GB51072	4
GB52998	0
GB52434	0
GB51607	0
GB55467	0
GB41163	0
GB44449	3
GB55040	0
GB50688	0
GB45137	2
GB46087	0
GB44125	0
GB49912	0
GB44424	0
GB47839	1
GB51846	0
GB49248	1
GB43851	1
GB43952	1
GB44152	0
GB47831	0
GB50880	0
GB44930	2
GB40906	0
GB52133,GB52133,GB52133	3
GB47543	0
GB54982	0
GB41684	0
GB43916	1
GB53195	1
GB40666	6
GB50088	2
GB47842	0
GB53661	1
GB48676	2
GB52520	0
GB46001,GB46001	2
GB49811	0
GB50429	3
GB43504	0
GB46203	2
GB44070	3
GB44902	0
GB47419	0
GB44064	0
GB52748	0
GB53344	0
GB53644	0
GB55432	0
GB45285	3
GB41662	1
GB51089	3
GB47322,GB47322	2
GB49427	0
GB44945	0
GB44577	0
GB48429	0
GB50278	0
GB42378	0
GB51439	1
GB42587,GB42587	4
GB45307	0
GB55518	2
GB55001	1
GB42274	1
GB50125	2
GB54656	1
GB49659	0
GB44499	1
GB48928	0
GB49112	0
GB48863	0
GB53864,GB53864	14
GB41443	2
GB42073	1
GB44055,GB44185,GB53301	3
GB42465	1
GB42985	5
GB51358	1
GB41340	0
GB46147	0
GB51842	0
GB42364	1
GB48183	1
GB40839	0
GB48799	0
GB46309	0
GB54659	1
GB54919	1
GB48859	2
GB47827	1
GB48009	0
GB50636	1
GB40712	0
GB53918	0
GB51071	0
GB49420	0
GB49245,GB41113	3
GB55304	0
GB47490	4
GB49312	6
GB43084	4
GB53177	0
GB45274	0
GB44539	1
GB51533	0
GB45727	1
GB40895	0
GB49154	0
GB49395	1
GB53350	2
GB53716	4
GB47799	0
GB46898	0
GB47237	0
GB44677	0
GB50596	5
GB55997	1
GB48304	3
GB41399	0
GB56035	1
GB47000,GB47895,GB52230,GB55636,GB55636,GB46100,GB46823,GB52230,GB47895,GB47000,GB52230	23
GB55036	0
GB43218	1
GB41364	1
GB51299	0
GB48346	0
GB47180	0
GB55803	0
GB49981,GB49983	2
GB44826	0
GB53359	0
GB52529	0
GB43566	0
GB44469	2
GB45188	0
GB49457	0
GB48892	0
GB55445	2
GB46291	0
GB42576	1
GB49123	1
GB55666	0
GB50851	0
GB48886	1
GB43436	2
GB44978	2
GB52061	1
GB51105	1
GB47319	0
GB55531	0
GB45183	1
GB53334	0
GB48961	0
GB50561,GB43768	2
GB55943	0
GB53975	1
GB52288	0
GB46928	0
GB54243	2
GB54227	2
GB53201	0
GB47296	1
GB54925	0
GB41849	1
GB48363	7
GB47638	0
GB41270	0
GB55970	2
GB53318	1
GB44731	0
GB49368	0
GB46743	1
GB45696	4
GB42790	1
GB42634	1
GB44980,GB44981	2
GB44931	0
GB45848	1
GB41197	0
GB41176	2
GB55601	1
GB46410	0
GB44043	10
GB45633	2
GB50512	0
GB51606	0
GB41646	0
GB41815	1
GB47140	0
GB42899	0
GB40114	0
GB44869	0
GB46404	0
GB45042	0
GB40728	5
GB45105	0
GB41030	0
GB49691	0
GB49752	0
GB41458	0
GB40460	1
GB51631	2
GB55753	0
GB47609	0
GB47202	0
GB53316,GB50320	2
GB48810	1
GB48152	1
GB45025	0
GB46983	0
GB53245	0
GB41034	0
GB55600	1
GB51555	0
GB44878	2
GB49654	0
GB40265	0
GB54541	2
GB42339	6
GB55640	4
GB41168	1
GB43100	0
GB52467	0
GB49100	0
GB45375	0
GB45639	1
GB49265	0
GB48641	1
GB50881	3
GB42760	3
GB41341	0
GB50062	9
GB42218,GB42219	3
GB45011	0
GB44425	0
GB50145	0
GB49195,GB49195	3
GB49956	1
GB45648	0
GB40807	1
GB51305,GB47545	2
GB51303	1
GB50441	0
GB44059	0
GB55288	1
GB41553	0
GB43181	4
GB55716	0
GB50804	1
GB53419	1
GB48173,GB48174	1
GB46398	1
GB55474	0
GB40997	2
GB51030	0
GB51917,GB43358,GB43362	1
GB49702	1
GB41945	0
GB50103	1
GB42560	0
GB55162	0
GB46589	3
GB47967	0
GB41969	0
GB44169	0
GB44165	0
GB54779	0
GB47988	11
GB41604	0
GB43861	0
GB45336	0
GB50628	1
GB52455	0
GB42594	1
GB46119	1
GB52190	3
GB52493	0
GB55918	0
GB49306	1
GB48706	1
GB53234,GB53234	2
GB43863	0
GB53732	6
GB47823	0
GB40031	1
GB44071	0
GB41410	0
GB42298	1
GB55192	0
GB50796	1
GB53294	1
GB41954	1
GB42794	3
GB49754	0
GB46917	0
GB41259	0
GB53101	0
GB40658	0
GB46122	0
GB43591	0
GB47517	0
GB40070	1
GB47574	0
GB54748	0
GB49377	4
GB55354,GB55354	1
GB45547	0
GB41074	1
GB48754	2
GB43409	0
GB49398	1
GB45000	0
GB55277	16
GB47811	1
GB52026	0
GB45013	1
GB52800	0
GB40083	1
GB46214	1
GB47430	1
GB54237	1
GB54220	0
GB44470	1
GB48029	0
GB44663	1
GB49191	2
GB45421	2
GB46492	0
GB55275	0
GB44404	0
GB44122	1
GB51292	1
GB53695,GB48850	7
GB49664	0
GB54548	3
GB49383	0
GB49041	1
GB43643	5
GB50380	0
GB54156	0
GB43808	0
GB49808	1
GB47192	0
GB45759	2
GB45148	2
GB40308	0
GB49727	0
GB41320	0
GB44721	0
GB45527	2
GB41640	0
GB42796	1
GB50568	1
GB54146	1
GB46249	2
GB49942	1
GB48350,GB48350	5
GB49538	0
GB51411	0
GB42071	0
GB53349	0
GB50663	0
GB42497	2
GB45335	0
GB46605	0
GB51718	0
GB47373	1
GB47075	0
GB53750	1
GB54370	2
GB51582	1
GB53188	1
GB45139	2
GB43915	0
GB48460	0
GB47996	0
GB45526	1
GB49549	0
GB52841	0
GB41966	1
GB43691	0
GB49192	1
GB54300	0
GB48064	1
GB55552,GB41653	2
GB52920	0
GB54293	1
GB51295	2
GB55414	0
GB54256	0
GB51887	1
GB45050	1
GB55109	1
GB51087	2
GB45008	1
GB53428	1
GB52656	0
GB51069	0
GB55639	6
GB54498	0
GB51462	0
GB55869,GB55869	1
GB50872	1
GB45045	0
GB54458	0
GB45147	1
GB48176	1
GB54569	1
GB41793	2
GB44907	0
GB51911	0
GB47957,GB47957	1
GB43841	1
GB51658	0
GB47380,GB47380,GB47380,GB54084,GB54084	9
GB52500	1
GB51573	0
GB53777	0
GB52185	1
GB52638	0
GB55722	0
GB45337	0
GB46167	1
GB41913	3
GB48683	0
GB40767	0
GB52765	0
GB45443	1
GB44398	0
GB55232	3
GB45083	0
GB51425,GB46180	0
GB43228	1
GB45367	0
GB47045	0
GB51290	0
GB41153	1
GB53067	0
GB43188	1
GB54291	0
GB52439	0
GB42934	0
GB42351	1
GB51052	2
GB48866	0
GB47434	2
GB54503	0
GB40398	0
GB42319	1
GB48310	1
GB53328	0
GB54891	0
GB55223	3
GB52194	4
GB41698	1
GB54952	2
GB45119	2
GB55156	0
GB55829	0
GB43883	0
GB45720	0
GB54983	1
GB43843	1
GB41656	1
GB44397	4
GB42217,GB48194	2
GB50575	0
GB55373	0
GB47160	2
GB47990	0
GB48660	0
GB45372	2
GB45634	0
GB47689	1
GB42655	1
GB42083	0
GB51409	3
GB55317	3
GB50051	0
GB44052	2
GB40691	1
GB41857	1
GB50350	0
GB50253	0
GB46363	0
GB50603	1
GB46977	0
GB44786	0
GB50249	1
GB52645	1
GB40121,GB40122	2
GB54508	1
GB53779	1
GB55353	2
GB52996	0
GB43946,GB43946	2
GB49250	0
GB54016	5
GB52878	0
GB54087	3
GB49281	0
GB47226	0
GB40875	4
GB50655	2
GB46744	0
GB47311	0
GB45222	1
GB55212,GB55205,GB55208,GB55215,GB55214,GB55213,GB55204,GB55207,GB55206,GB55211,GB46294	8
GB54782	1
GB43103	0
GB43824	0
GB53065	4
GB48118	0
GB52745	0
GB43375,GB43375	3
GB45441	4
GB47342	0
GB40267	1
GB47654	0
GB43968	1
GB48672	1
GB41413	1
GB43154	1
GB54399	1
GB56018	1
GB48110	0
GB43879	1
GB51372	1
GB48621	0
GB44964	1
GB49521	0
GB48820,GB46970	5
GB55233	0
GB50083	0
GB54967	1
GB41123	0
GB44894	1
GB46477	2
GB44428	0
GB54865,GB54865	1
GB53387	0
GB49415	1
GB40228	0
GB42429	0
GB41140	0
GB47390,GB48849	1
GB40445	0
GB40020	0
GB51614	0
GB47815	0
GB55900	0
GB46896	0
GB54396	3
GB47772	1
GB54504	0
GB45698	1
GB41369	6
GB43848	0
GB40968	2
GB44483	1
GB44209	1
GB44069	0
GB54020	0
GB44571	1
GB42845	0
GB52236	1
GB41225	0
GB51604	4
GB44654	1
GB45627	1
GB55098	3
GB55570	1
GB43873	1
GB54974	1
GB50980	1
GB55355	1
GB51008	1
GB44764	1
GB54102	0
GB43229	1
GB44518	0
GB53417	0
GB43598	1
GB53627	2
GB54940	1
GB45113	0
GB44937	0
GB55685,GB43779,GB43779	4
GB42702	1
GB54564	0
GB51674	0
GB54255	1
GB49418	0
GB54838	0
GB41150	3
GB54646	2
GB44140	3
GB52120	0
GB44141	0
GB51843	0
GB48018	1
GB46900	0
GB47097	0
GB49777	0
GB44040	1
GB43638	0
GB50942	1
GB51109,GB51172	3
GB47497	1
GB49453	2
GB46056	2
GB43378	0
GB51051	0
GB55482	1
GB47268	0
GB46617	1
GB43169	0
GB54397	3
GB48037,GB48037	3
GB51746	0
GB41090	0
GB51256	2
GB45624	0
GB51561	1
GB41118	1
GB50016	2
GB46274	0
GB41224	0
GB55625	0
GB53361	0
GB41199	0
GB47833	0
GB48103	0
GB41158	3
GB41050	1
GB42549	3
GB52505	1
GB55479	0
GB51626	0
GB55063	0
GB42834	6
GB55011	1
GB55224	0
GB54895	0
GB41802	1
GB44868	3
GB53332	0
GB54184	0
GB46034	0
GB43194	1
GB51597	0
GB49071	0
GB47565	8
GB54190,GB54188	1
GB42758	1
GB40230	5
GB51739	0
GB43053	0
GB50699	0
GB55443	0
GB42398	0
GB50579	0
GB45543	0
GB46373	0
GB42448	0
GB40984	0
GB48978	0
GB52781	0
GB45561	2
GB47819	2
GB55260,GB46835	3
GB41859	0
GB52422	0
GB49758	5
GB48991	0
GB40868	0
GB51535	3
GB44694	0
GB53128	1
GB53799	0
GB46688	0
GB42335	3
GB52283	2
GB44444	0
GB51075	2
GB47992	0
GB42172	1
GB51434	1
GB50467	3
GB44678	0
GB53422	0
GB48652	2
GB46277	0
GB48220	1
GB52186	9
GB52115	3
GB41392	1
GB52912	1
GB40872	0
GB53221	0
GB53081	1
GB47954	1
GB48763,GB48760	5
GB46944,GB46932	2
GB47723	0
GB40429	0
GB52419	0
GB50131	0
GB49370	5
GB44230	0
GB53853	1
GB43485	0
GB50993	2
GB54519	0
GB49359	1
GB53880	7
GB50532	0
GB48349	1
GB50519	0
GB41522	0
GB44705	1
GB47143	0
GB43417	0
GB51627	7
GB49984	0
GB45730	3
GB49101	0
GB50680	0
GB49829	1
GB40700	2
GB41452,GB41453	1
GB43791	1
GB56001	0
GB51272	1
GB41779	4
GB55250	0
GB45944	0
GB49471	0
GB41134	0
GB48111	1
GB52516	3
GB51279	3
GB45764	0
GB52749	2
GB41770	0
GB46364	0
GB49443	0
GB49918	1
GB51838	0
GB48636	1
GB49536	2
GB52152	0
GB44461	1
GB42019	0
GB52842,GB54500	0
GB45877	2
GB42266	0
GB49948	1
GB42931	0
GB54796	0
GB52819	1
GB50889	0
GB54317	0
GB52568	2
GB53395	0
GB48908	1
GB55431	1
GB53235	1
GB49830	0
GB55602	0
GB55269	0
GB42667	0
GB46785	2
GB46844	0
GB53360	0
GB47283	0
GB49640	0
GB51753	0
GB40218	1
GB54047	0
GB55542	0
GB41334	0
GB55773	0
GB41131	0
GB45822	0
GB50216	0
GB52802	0
GB42677	0
GB45099	0
GB51994	1
GB50624	2
GB42800	0
GB55795	0
GB47212	0
GB41877	2
GB42970	0
GB49083	0
GB52053	1
GB52695	0
GB45334	1
GB50275	0
GB55705	0
GB52757	0
GB41133	2
GB42049	2
GB43544,GB54618	1
GB49614	0
GB53774	0
GB53728	0
GB48258	0
GB50761	13
GB48388	1
GB47617	0
GB50268	1
GB55004	1
GB52578	1
GB49866	3
GB51463	0
GB45477	0
GB52694	0
GB44612	0
GB52489	1
GB54350	0
GB54993	0
GB49706	1
GB50968	0
GB44734	1
GB42419	1
GB50480	2
GB45279	1
GB51757	1
GB54976	2
GB48128	0
GB40146	1
GB54653	1
GB44080	1
GB52990	0
GB55116	0
GB51941	0
GB42769	0
GB55322	0
GB44120,GB48510	8
GB46077	0
GB48233	1
GB51543	1
GB42753	0
GB53270	0
GB51701	0
GB55566	0
GB48965	3
GB43872	1
GB46437	1
GB55372	0
GB40344	2
GB55103	0
GB42816	0
GB46975	0
GB42628	0
GB45303	0
GB47392	0
GB44973	2
GB53184	2
GB55220	3
GB43011	4
GB42556,GB42556	4
GB47951	2
GB48048	0
GB44435	0
GB42878	2
GB52814	1
GB40395	0
GB43937	0
GB51703	0
GB43089	4
GB41120	3
GB40012	2
GB48697	0
GB45546	1
GB45263	0
GB52420	0
GB41737	1
GB42704	0
GB52525	1
GB46644	0
GB51200	0
GB51675	4
GB43574	0
GB45984	0
GB53027	0
GB53925	9
GB42637	0
GB53381	0
GB50737	1
GB46747	0
GB42880	0
GB43300	0
GB43778	0
GB42881	0
GB50607	0
GB47472	1
GB41097,GB48081	2
GB49934	1
GB40490	0
GB55613	1
GB44576	2
GB49661	1
GB48147	0
GB51214	3
GB52894	0
GB52782	0
GB42600	0
GB50513	0
GB43859,GB52657	0
GB50333	4
GB45157	1
GB50981	0
GB51691	0
GB40707	0
GB46276,GB46318	1
GB43630	1
GB47327	2
GB51740	0
GB46528,GB46528	8
GB47747	5
GB44298	2
GB55816	0
GB47332	2
GB40607	0
GB53826	0
GB47431	0
GB55469	1
GB44990	1
GB54525	0
GB41295	2
GB55533	0
GB41664	0
GB53827	1
GB41762	1
GB49364	3
GB46979,GB41279	1
GB46882	3
GB44693	0
GB45227	0
GB46182	1
GB47402	3
GB48277	0
GB55360	0
GB46626	2
GB46771	0
GB46460	3
GB42324	0
GB51408	0
GB46462	1
GB50555	1
GB47802	2
GB42798	1
GB46142	0
GB51540	0
GB40279,GB42570	2
GB47837	0
GB44583	0
GB53769	0
GB48155	2
GB40723	1
GB49771	1
GB44989	0
GB45636	1
GB44096	0
GB52250	0
GB48373,GB48374	2
GB50252	0
GB43472	0
GB51287	2
GB42772	2
GB53696	0
GB50450	0
GB42795	1
GB53490	1
GB40955,GB40955	1
GB45159	0
GB47538	1
GB44631	0
GB45020	0
GB55988	3
GB43402	1
GB40727	1
GB48432	0
GB55595	0
GB54837	0
GB51553	1
GB50994	0
GB46787	0
GB44967	1
GB54385	0
GB49308	1
GB40032	0
GB41627	0
GB50558	0
GB41916	1
GB45558	1
GB55397,GB54901	1
GB47012	0
GB42432	0
GB44101	1
GB55395	2
GB40243,GB43677,GB40330,GB49010	2
GB45393	1
GB45143	0
GB41743	0
GB54266	0
GB43759	0
GB47345	0
GB53247	0
GB40969	0
GB49189	1
GB44492	1
GB41093	0
GB41848	0
GB43307	7
GB40663	0
GB50834	0
GB48356	1
GB44756	0
GB54860,GB42572	2
GB42227	1
GB55933	0
GB49594	1
GB47952,GB47953,GB47953	13
GB42944	0
GB41115	0
GB42746	0
GB52762	1
GB46496	0
GB42871	0
GB44803,GB51243	1
GB42820	0
GB48627	0
GB53648	0
GB43147	1
GB55987	0
GB50578	0
GB48535	1
GB46014	1
GB55420	0
GB49299	2
GB40776	1
GB52506	1
GB47008	0
GB40715	0
GB45933	0
GB42940	2
GB55768	0
GB40454	0
GB44367,GB48228	2
GB40489	0
GB44755	0
GB49519	0
GB45158	0
GB51106	0
GB49611	0
GB47726	1
GB50734	2
GB55712	2
GB41801	0
GB44203	5
GB41658	0
GB40560	0
GB43846	0
GB43826	0
GB48656	2
GB50677	1
GB40120	0
GB53085	1
GB48698	1
GB40861	2
GB49352	0
GB41316	0
GB45075	0
GB50633	1
GB46387	0
GB46153,GB46153	1
GB45537	0
GB54253	1
GB46219,GB46219	2
GB51761	1
GB44093	0
GB42109	1
GB49666	0
GB46986	0
GB53091	0
GB49021	2
GB50423	1
GB50479	0
GB51690	0
GB48622	0
GB44895	3
GB51648	2
GB41470	2
GB45657	0
GB40232	0
GB40514	0
GB54776	1
GB41917	0
GB44192	0
GB51584	2
GB46268	0
GB52630	1
GB54719	0
GB53435	2
GB50413	1
GB44560	0
GB55477	3
GB47905	9
GB41858	1
GB54484	0
GB41180,GB41180	2
GB41152	0
GB53019	0
GB40611	0
GB40595	0
GB54577,GB54577	1
GB48924	3
GB54829	1
GB51482	0
GB42193	0
GB42330	0
GB48874	0
GB44443	0
GB45949	0
GB42823	0
GB41946	0
GB42175	0
GB51251	0
GB47767	0
GB40095	0
GB48944	0
GB49831	0
GB40309	0
GB51889	0
GB55605	0
GB45824	0
GB49735	1
GB43129	11
GB46876	0
GB46259	0
GB50732	2
GB54831	0
GB41025	1
GB44726	2
GB46156	2
GB50522	0
GB49705	0
GB42697	0
GB44329	0
GB46645	0
GB51208	5
GB49487	0
GB54451	0
GB54419	0
GB43902	6
GB43877	2
GB48926	0
GB44672	3
GB48255	3
GB49999	1
GB50073	0
GB50004	1
GB46245	1
GB50766	0
GB54997,GB54997	10
GB53229	0
GB41337	3
GB52911	1
GB48225	0
GB52620	0
GB45859	0
GB51551	0
GB50661	0
GB48063	0
GB40472	0
GB51192	0
GB40494	1
GB50562,GB50562	2
GB47803	1
GB45039	2
GB44692	0
GB42641	0
GB47040	0
GB53222	1
GB53664	1
GB46761	1
GB54341	0
GB46141	1
GB40876	0
GB53152	0
GB47995	0
GB44281	0
GB50172	0
GB42799	1
GB55562	0
GB54673,GB54673	3
GB44166	1
GB40084	0
GB41977	0
GB51707	3
GB41525	0
GB50136	1
GB55977	0
GB54192	5
GB50092	0
GB47734	1
GB55564	1
GB45763	0
GB46720	1
GB50112	0
GB47469	0
GB50740	0
GB44681	0
GB55760	4
GB53792	3
GB49024	2
GB49424	2
GB40139	0
GB50572	1
GB46051	0
GB55303	0
GB50886	2
GB47028	1
GB54211	1
GB46911	1
GB49828	1
GB44413	1
GB53402	0
GB40467	0
GB49079	2
GB47603	2
GB51534	1
GB54697	2
GB52284	0
GB45841,GB52088	0
GB53355	0
GB46064	2
GB45617	0
GB44749	3
GB55581	0
GB47590	4
GB42858	3
GB49588	1
GB48322	0
GB40681	7
GB53401	1
GB44609	0
GB52511	1
GB50549	3
GB54327	0
GB46702	0
GB50552	0
GB49165	0
GB43956	1
GB42679	4
GB41973	2
GB43176	0
GB48845	1
GB42913	0
GB46764	1
GB48163	3
GB43924	0
GB51722	1
GB45656	1
GB52033	1
GB48414	2
GB48646	0
GB55062	0
GB46052	1
GB48543	2
GB43117	0
GB48265	2
GB42104	0
GB48538	0
GB43232	0
GB44297	1
GB53258	0
GB49795	0
GB51666,GB51666	4
GB49914	1
GB49655	0
GB47247	1
GB53707	0
GB54330	0
GB40399	0
GB51565	1
GB44831	0
GB43694	0
GB49244	0
GB50832	0
GB51564	1
GB54749	0
GB54298	0
GB41711	1
GB43116	1
GB43034	2
GB52689	0
GB53246	0
GB40170	0
GB45076	2
GB53317	4
GB49597	1
GB46654	3
GB50815	1
GB47881	1
GB53945	0
GB41148	0
GB50425	0
GB45844	1
GB42961	4
GB45167	1
GB43301	0
GB51996	1
GB51123	1
GB45431	0
GB48065	0
GB55529	0
GB49095	0
GB48631	0
GB54191	3
GB42952	0
GB54817,GB40253	3
GB44108	0
GB54741	3
GB47103	0
GB44345	0
GB51914	4
GB42902	0
GB42381	1
GB46707	1
GB54186	0
GB46313	0
GB46652	1
GB51781	2
GB47577	0
GB41296	0
GB45088	0
GB50728	0
GB53047	4
GB45122	0
GB51044	1
GB49332	1
GB52036,GB52036	2
GB50620	1
GB46544	3
GB40108	1
GB53151	1
GB41697	0
GB43731	3
GB47781	1
GB55983	0
GB46149	2
GB41720	1
GB53663	0
GB42787	1
GB41202,GB41202	1
GB43809	0
GB55472	1
GB48634	0
GB42111	0
GB53950	0
GB54345	0
GB55608	1
GB52962	0
GB45352	1
GB43223	1
GB50455,GB51663	0
GB42431	0
GB47433	6
GB40590	1
GB50651	0
GB42953	0
GB55522	0
GB44131	0
GB40073	0
GB48268	0
GB55692	2
GB46881	0
GB47441	0
GB48127	2
GB45264	0
GB42288	0
GB51011	1
GB50654	0
GB55885	0
GB54677	0
GB55800	0
GB48047	0
GB50255	0
GB43806	0
GB45513	0
GB41231	0
GB40800	0
GB46581	0
GB43875	0
GB48699	3
GB44464	0
GB43429	0
GB48369	0
GB53513	0
GB41878	0
GB43761,GB53593,GB50540	3
GB54846	4
GB47629	0
GB41543	0
GB43540	1
GB45945	2
GB43481	0
GB50363	0
GB45449	0
GB54448	1
GB44294	1
GB40558	0
GB52648	0
GB50817	5
GB53549	0
GB50355	0
GB52730	1
GB53015	1
GB52977	0
GB49607	0
GB45432	0
GB48267	0
GB44170	1
GB47157	0
GB54701	1
GB52513	0
GB44204	0
GB51623	1
GB46962	0
GB42698	0
GB55014	1
GB54587	2
GB41915	1
GB52059	0
GB41905	0
GB44701,GB44701	5
GB50079	0
GB44085	1
GB48250	2
GB52514	0
GB49580	0
GB40745	2
GB44452	0
GB55393,GB55392	4
GB47467	1
GB40493	1
GB54439,GB54439	3
GB49773	1
GB48402	1
GB42276	0
GB50147	1
GB48459	0
GB46604	0
GB48465	2
GB49028	0
GB52986	0
GB47191	2
GB54421	2
GB51839,GB55468	4
GB47186	1
GB41970	1
GB54108	0
GB41806	0
GB42562	0
GB46243	0
GB41317	0
GB55873	0
GB42852	2
GB40879	0
GB45493	0
GB49110,GB49110	4
GB42897	0
GB45181	0
GB48659	0
GB54517	2
GB44708	4
GB54761	1
GB48333	0
GB44903	0
GB51427	1
GB47178	0
GB40890	0
GB55642	1
GB46194	1
GB48602	4
GB46639	3
GB45450	0
GB49341	0
GB52773	0
GB42302	0
GB47093	0
GB48299	1
GB49119	0
GB51076	0
GB45940	1
GB54447	0
GB43735	0
GB55005	4
GB41703	3
GB54221	0
GB52009	0
GB48400	0
GB55947	0
GB43858	0
GB47310	0
GB50007	1
GB45171	0
GB45909,GB45913	10
GB50833	0
GB40426	0
GB54521	1
GB45674	1
GB55927,GB55924,GB43802,GB55924,GB42602,GB48735,GB48735,GB48735,GB48735	3
GB49417	0
GB54258	1
GB44460	0
GB43208	0
GB42809	0
GB42449	1
GB49516	1
GB47023	1
GB55643	1
GB41335	0
GB47994	0
GB48694	1
GB46978	0
GB53548	0
GB48082	2
GB51014	0
GB49809	0
GB51244	1
GB46443	0
GB42860	1
GB43482	2
GB47238	0
GB50507,GB50507	2
GB46060	0
GB53415	0
GB41903	0
GB45908	0
GB49585	0
GB52258	0
GB50123	0
GB45635	0
GB46215	2
GB53228	3
GB47943	0
GB49226	0
GB53190	0
GB40219	0
GB50938	0
GB45358	3
GB52674	0
GB54223	0
GB54254	2
GB53082	1
GB52796	0
GB43624	3
GB52531	0
GB46476	1
GB42625	0
GB54326	0
GB53186	0
GB44237	0
GB41039	2
GB51498	4
GB49641	0
GB45560	3
GB53699	1
GB55748	1
GB50550	6
GB48366	0
GB41018,GB41018	2
GB51005	0
GB42736	1
GB50600	0
GB44147	0
GB46334,GB41275	1
GB44490	1
GB51046	1
GB53418	0
GB46985	0
GB49013	3
GB40789	1
GB47401	1
GB44960	0
GB55081	0
GB50634	0
GB49305	1
GB46945	0
GB47304	0
GB42998	1
GB40833	0
GB47983	1
GB48205	3
GB53811	1
GB53652	0
GB46475	0
GB44938	0
GB43990	1
GB42635	5
GB49629	3
GB50784	0
GB51590	1
GB51741	2
GB53410	0
GB50067	0
GB40634	0
GB50095	0
GB50731	0
GB55139	0
GB54433	1
GB55318	1
GB55989	0
GB40686	1
GB50597	0
GB55082	0
GB55944	0
GB44704	3
GB44077	0
GB46013	3
GB46084	0
GB43632	0
GB45446	0
GB46395	0
GB52596	1
GB41376	0
GB45192	0
GB49029	1
GB40103	0
GB53885	1
GB43900	0
GB47136	2
GB45444	0
GB47733	0
GB45865	0
GB42552	1
GB46534	1
GB44789	0
GB52666	2
GB55835	0
GB49463	0
GB40949	0
GB48079	1
GB46074	1
GB53483	0
GB40355	0
GB46909	1
GB52889	0
GB49903	0
GB44695	1
GB42691	1
GB53717	1
GB51732	0
GB53348	0
GB40749	0
GB54480	4
GB50251	0
GB40655	1
GB53668	1
GB47834	0
GB54730	1
GB42490	1
GB47649	0
GB51342	1
GB44102	3
GB47107	0
GB45257	0
GB42643	0
GB48404	1
GB43999	1
GB43619	2
GB52919	2
GB44491	0
GB42999	0
GB51001	0
GB42376	1
GB53079	0
GB40887	0
GB45317	2
GB48359	1
GB45817	1
GB43161	0
GB55226,GB42571	1
GB47475	0
GB42877	0
GB53674	0
GB50565	0
GB42238	1
GB50574	0
GB51963	3
GB52163	0
GB43016	0
GB53615	1
GB49838	1
GB50580	0
GB44063	1
GB42168	0
GB48252	2
GB55296	2
GB51118	2
GB54752	2
GB54634	0
GB53636	1
GB48797	1
GB49545	1
GB46187	1
GB41313	2
GB51909	0
GB51714	1
GB47445	0
GB56017	0
GB45344	1
GB50564	0
GB50736	0
GB48771	0
GB54162	0
GB42404,GB51456,GB51456	4
GB54175	3
GB47606	0
GB47906	0
GB49429	0
GB53881	1
GB40221	0
GB55679,GB55684	1
GB42703	12
GB41181	1
GB49437	0
GB52159	2
GB54760	0
GB40444	0
GB49598	0
GB43688,GB43689,GB51436	4
GB50428	1
GB42332	0
GB45836	0
GB54979	1
GB45376	0
GB49287	1
GB46893	1
GB51433	0
GB50438	0
GB49573	3
GB42631	3
GB49178	0
GB50050	0
GB43780	6
GB52671	2
GB45569	0
GB52058	0
GB55617,GB55617	2
GB48104	0
GB47928	1
GB45670	0
GB42480	1
GB48860	4
GB50439	0
GB42057	3
GB40716	1
GB47104	5
GB51260	2
GB52447	0
GB43412	0
GB44054	0
GB49115	1
GB48219,GB48219	1
GB42957	0
GB51884	0
GB47321	0
GB51220	1
GB42972	0
GB53824	1
GB52465	10
GB46887	0
GB45961	0
GB40261	0
GB50563	0
GB46375	0
GB48974	0
GB46793	0
GB50831	2
GB40546	0
GB42825	1
GB50414	1
GB53024	0
GB51307	0
GB44600	2
GB55891	1
GB42745	0
GB55541	0
GB56028	0
GB49421	1
GB54469	0
GB53197	0
GB43124	0
GB53796	0
GB52780	0
GB41027	0
GB42912	1
GB53960	1
GB42797	2
GB43639	0
GB54632	0
GB51484	0
GB42705	0
GB42640	1
GB52710	0
GB53069	0
GB42173	1
GB51552	1
GB43063,GB43063	1
GB40882	7
GB44723	1
GB55612	0
GB45906	0
GB42939,GB42939	1
GB54746	0
GB53420	0
GB53141	0
GB40516	1
GB48259	0
GB46602	1
GB46388	0
GB47022,GB47020,GB47022	7
GB40801	3
GB50936	0
GB56036	2
GB48244	0
GB40501	0
GB49639	1
GB40877	0
GB54387	0
GB40377	0
GB50000	0
GB52442	1
GB40438	2
GB54966	1
GB48052,GB48052	1
GB51900	0
GB42780	0
GB55080	0
GB46912	0
GB46920	0
GB50825,GB48699,GB42590,GB44714	14
GB44988	1
GB41518	0
GB49451	1
GB44893	0
GB50277	1
GB43572	0
GB54518,GB54518	3
GB45312	0
GB55556	0
GB55938	0
GB42859	1
GB51228	0
GB49775	1
GB49392	0
GB49555	1
GB52184	2
GB54973	1
GB55683	2
GB47705	0
GB54964	0
GB55368	0
GB44781	0
GB46008	1
GB45074	0
GB41623	0
GB45035	0
GB42582	0
GB46750	3
GB44684	1
GB48796	1
GB44586	0
GB55656	0
GB51581	3
GB52220	3
GB52119	2
GB46011	1
GB49825	2
GB48424	0
GB46438	1
GB45374	4
GB52446	0
GB44877	0
GB41756	3
GB44528	0
GB49703	0
GB40240	0
GB40417	0
GB44066	0
GB50735	0
GB40307	0
GB49959	0
GB49410,GB48275,GB48274	2
GB48076	0
GB51793	0
GB48293	0
GB47728	1
GB48552	1
GB42851	6
GB44451	1
GB48843	0
GB41896	1
GB44985	1
GB51201	2
GB46425	1
GB55789	0
GB44012	0
GB53874	0
GB51132	0
GB43376	1
GB55219	1
GB41492	2
GB44725	0
GB54660	0
GB51913	0
GB52591	2
GB44374	0
GB41545	1
GB51127	0
GB42723	2
GB43478	0
GB52753	1
GB43708	1
GB44626	2
GB40080	0
GB47965	4
GB51957	0
GB42025	0
GB55417	0
GB52470	2
GB55013	3
GB48171	0
GB47725	0
GB54981	0
GB40821	0
GB54355	0
GB42155	0
GB48309	0
GB46449	0
GB55416	0
GB40618,GB40619	0
GB46170,GB46170	1
GB50702	0
GB55828	0
GB51598	0
GB47514	0
GB49986	0
GB47880	3
GB47109	0
GB44498	1
GB53649	0
GB55614	2
GB50951	0
GB50637	0
GB49728	2
GB51716	4
GB43581	2
GB49376	1
GB46057	1
GB48295	0
GB49221	0
GB45910	0
GB54588	1
GB47083	1
GB49161	0
GB47903	0
GB51676	0
GB43418	1
GB44434	0
GB52445	0
GB49631	1
GB53581	1
GB42087	0
GB55747	0
GB40391	1
GB53860	2
GB41283	0
GB41633	0
GB40434	0
GB50738	1
GB40708	1
GB50516	0
GB42205	1
GB45154	0
GB51635	0
GB44053	0
GB50641	1
GB55306	1
GB53658	3
GB40005	0
GB47181	2
GB40770,GB40769,GB53986,GB53986	8
GB51038	1
GB51600	0
GB50928	0
GB54335	0
GB51624	1
GB50284	0
GB50919	1
GB54733	2
GB48405	0
GB43279	2
GB47153	0
GB48335,GB48335	5
GB51787	2
GB50371	0
GB47663	0
GB47718	0
GB45712	2
GB54098	2
GB54134	0
GB52587	0
GB45752	0
GB43584	0
GB47259	0
GB42039	2
GB48743	1
GB55590	6
GB54043	0
GB45058	0
GB47694	5
GB42017	0
GB47508	2
GB51065	4
GB44453	0
GB40566	3
GB55769	0
GB47552	2
GB49864	3
GB43512,GB43508,GB43514,GB43510,GB43511,GB43509,GB45565	8
GB49360	3
GB52684	1
GB45843	0
GB43442	0
GB40591	1
GB42638	0
GB54882	1
GB44547	0
GB52783	0
GB48248	1
GB55593	1
GB49069	0
GB55752	0
GB41932	1
GB50604	0
GB41121	0
GB44660	1
GB55628	1
GB47623	0
GB48917	1
GB42896	0
GB51067	1
GB41580	0
GB50035	1
GB47095	0
GB48882	0
GB53625	0
GB46310	0
GB50336	0
GB54961	1
GB44686	1
GB42642	0
GB49170	1
GB49159	1
GB49177	2
GB44628	0
GB48755	1
GB50449	1
GB52824	0
GB49988	0
GB42264	0
GB43320	0
GB52994	0
GB49031	3
GB44462	0
GB44173	0
GB41968	1
GB52672	6
GB42177	0
GB47487,GB54960	2
GB50008	1
GB51537	0
GB50100	3
GB45249	1
GB48624	0
GB42265	0
GB52454	0
GB43815	0
GB42830	0
GB41757	0
GB48200	0
GB44016	0
GB43523	0
GB43962	0
GB42537	1
GB43629	0
GB49523	1
GB43354	6
GB54955	1
GB55396	2
GB53702	1
GB41831	2
GB42690	0
GB47753	0
GB54112	0
GB45187	0
GB50724	0
GB40600	0
GB48783	1
GB41011	2
GB48008	1
GB47305	0
GB54088	0
GB55450	0
GB54488	1
GB43288	1
GB48835	0
GB55852	1
GB50028	1
GB45211	1
GB49261	0
GB42456	0
GB55968	1
GB55365	0
GB51032	2
GB47227	1
GB45947	1
GB55572	1
GB50208	2
GB49798	0
GB40978	0
GB47986,GB47987	4
GB41907	3
GB49764	0
GB51204	3
GB50780	2
GB49812	1
GB53000	2
GB49802	0
GB50778	0
GB45743	0
GB45174	0
GB49001	3
GB51359	1
GB45977	1
GB48916	0
GB53424	1
GB47611	1
GB50567	0
GB50945	0
GB40441	0
GB42821	3
GB54652	0
GB41618	1
GB50109	0
GB54430	4
GB54528	3
GB49422	0
GB54352	1
GB55076	1
GB45024	0
GB46776	2
GB54984	0
GB43580	2
GB51213	1
GB43840	0
GB43560	1
GB53005	1
GB46502	1
GB40717	0
GB49757	1
GB53943	1
GB50280	1
GB41139	0
GB44991	2
GB41736	0
GB40389	0
GB54690	0
GB54104	0
GB40713	1
GB45704	0
GB49271,GB54905	1
GB54368	0
GB55860	0
GB52631	0
GB43651	0
GB53219	3
GB42863	1
GB44702	0
GB50049	1
GB46297	1
GB53675	0
GB42639	1
GB45610	0
GB41586,GB41586	2
GB40881	0
GB50343	0
GB50466	1
GB42755	1
GB55106	0
GB51735	0
GB44658	0
GB45445	0
GB54154	0
GB49660	0
GB40535	0
GB47396	0
GB43368	0
GB41198	0
GB46314	0
GB55598	2
GB45912	6
GB50183	4
GB42459,GB42459	1
GB46629	0
GB51483	3
GB55038	0
GB42887	5
GB51086	0
GB53955	1
GB50679	1
GB41484	0
GB52680	0
GB53626	0
GB46031	1
GB51382	1
GB51526	3
GB55934	0
GB45911	0
GB49403	0
GB54168	2
GB50566	0
GB54977	1
GB54346	0
GB46885	1
GB45832	0
GB50570	0
GB42435	1
GB54289	0
GB54349	0
GB41285	0
GB41446	1
GB45186	1
GB43506	0
GB52690	0
GB55901	1
GB44674	0
GB43422	0
GB48544	1
GB40211	0
GB40539	3
GB44370	0
GB53409	1
GB51183	0
GB45208	0
GB43750	1
GB51539	0
GB54691	0
GB54607	3
GB54194	2
GB43455	0
GB42089	4
GB44574	0
GB48862	0
GB51497	2
GB52750	1
GB44095	0
GB45252	0
GB50573	1
GB46904	1
GB48451	1
GB55101	0
GB49583	1
GB52735	0
GB48191	0
GB40589	0
GB50167	2
GB46413	0
GB52102	3
GB54970,GB52324,GB52326	6
GB50215	0
GB53297	0
GB49433	1
GB50668	0
GB42554	0
GB45405	1
GB52790	0
GB53078	0
GB55603	0
GB50727	1
GB40986	2
GB54685	0
GB47033	0
GB40759	1
GB50375	0
GB42179	3
GB48962	1
GB46076	0
GB52705	0
GB42366	0
GB42189	0
GB44561	1
GB50764	0
GB49624	2
GB45978	1
GB43287	0
GB41213	0
GB51943	1
GB54457	0
GB43776	0
GB48148,GB48148	2
GB54359	0
GB40393	1
GB52339	0
GB53194	3
GB49381	0
GB49097	0
GB44699	1
GB47991	1
GB46562	1
GB41635	0
GB49709	0
GB40387	1
GB46439	0
GB45433	0
GB41631	1
GB50559	0
GB52634	1
GB52524	0
GB49926	0
GB45172	1
GB50302	5
GB45565	0
GB48348	0
GB49944	1
GB50032	2
GB45726	1
GB44531	1
GB50904	3
GB44188	1
GB50885	3
GB43069	1
GB48966	0
GB51346	0
GB50906	0
GB51993	0
GB42260	0
GB54336	0
GB42488	2
GB52892	0
GB55961	0
GB43388	4
GB50873	3
GB44360	1
GB51903	0
GB45549	1
GB54233	0
GB42696	1
GB47670	0
GB55932	0
GB55231	2
GB45554	0
GB48202	1
GB49179,GB53761	1
GB40798	1
GB42906	0
GB43115	1
GB53406	2
GB54041	3
GB42995	2
GB50547	0
GB44520	3
GB45288	1
GB40966	0
GB48909,GB48910	1
GB47591	1
GB43517	1
GB48784	1
GB52632	1
GB54381	1
GB40795	1
GB41441	2
GB42520	0
GB46312,GB43670	1
GB51158	1
GB42539	0
GB42929	0
GB45740	0
GB48401	0
GB55222	1
GB44349	0
GB42749	0
GB55157	0
GB52512	0
GB55060	0
GB50589	0
GB46567	1
GB42629	1
GB54555	1
GB45946	0
GB40018	0
GB41871	0
GB52789	4
GB42778	0
GB46984	0
GB54195	0
GB41741	0
GB40873	0
GB45941	0
GB48095	0
GB48574	1
GB42741	0
GB42417	0
GB53493	0
GB45828	0
GB41362	0
GB44607	0
GB46817	1
GB55435	1
GB47029	1
GB41183	0
GB44160	0
GB45380	1
GB43303	1
GB54183	1
GB40436	2
GB40013	0
GB42146,GB55452	3
GB46958	0
GB50453	2
GB51012	1
GB47248	3
GB42986	0
GB49002	2
GB53326	2
GB46409	0
GB54100	0
GB41990	2
GB45141	0
GB48981	0
GB53193	0
GB42612	4
GB54240	0
GB54945	0
GB53090	0
GB53957	1
GB50693	0
GB41583	1
GB52116	3
GB48332	0
GB47381,GB44760,GB47483,GB47507,GB52976	9
GB50903	0
GB51571	0
GB41622	1
GB47721	0
GB50671	0
GB55095	0
GB54113	0
GB50398	0
GB53488	0
GB41289	0
GB50870	0
GB43306	0
GB41068	1
GB42857	0
GB50247	0
GB41284	0
GB55547	0
GB55597	0
GB42195	2
GB40209	0
GB54814	1
GB48537	0
GB51977	0
GB50571	0
GB52688	0
GB41950	0
GB53819	0
GB42624	0
GB48824	0
GB52071	0
GB43822	0
GB48781	1
GB52663	0
GB54816	0
GB54046,GB54046	1
GB53887,GB53887,GB53888	4
GB52103	0
GB44195	0
GB46733	0
GB44128	0
GB42533	0
GB47266	1
GB53951	1
GB49502	0
GB46228,GB46226,GB46222,GB46224,GB46230,GB46223,GB46227	9
GB42372	1
GB46748	3
GB44552	0
GB47569	1
GB53770	0
GB56016	1
GB48433	2
GB47902	0
GB49994	1
GB44300	0
GB48224	0
GB53887	1
GB42754	0
GB54301	0
GB42607	0
GB53669	1
GB55235	1
GB45562	1
GB54343	1
GB51330	0
GB51370	0
GB44645	0
GB46630	0
GB41161	1
GB50009	2
GB41669	2
GB48680	1
GB51978	1
GB52497	0
GB41619	0
GB41809	1
GB47927,GB47926	3
GB54103	1
GB46535	0
GB40148	1
GB43237	1
GB54312	0
GB43120	1
GB41948,GB41948	2
GB53514	0
GB40447	0
GB40297	1
GB55100	0
GB51475,GB42737	1
GB47183	0
GB55923	2
GB49102	0
GB47771	0
GB42053	3
GB55558	0
GB49167	0
GB49503	0
GB48681	2
GB40810	0
GB52806	0
GB50477	2
GB55604	0
GB41418	1
GB51224	1
GB53171	0
GB41987	1
GB47610,GB47610	1
GB53369	3
GB40862	1
GB44026	0
GB42581	2
GB52528	0
GB43315	0
GB51918	0
GB47465	0
GB54393	2
GB52121	2
GB54296	0
GB45653	0
GB47331	1
GB47137	0
GB54280	0
GB44206	0
GB51656	1
GB49462	1
GB44356	0
GB43086	0
GB41411	0
GB40110	0
GB49365	0
GB52433	2
GB43633	0
GB45956	0
GB51107	5
GB54681	0
GB50733	0
GB44744	1
GB55191	1
GB50102	1
GB49522	0
GB48679	1
GB51712	0
GB43151	1
GB47679	1
GB46540	0
GB50210	0
GB44219	0
GB51991	0
GB42078	0
GB44777	1
GB44417	0
GB46190	0
GB43844	2
GB49386	0
GB53655	0
GB54524	1
GB44886,GB44886	2
GB49865	0
GB47822	1
GB43686	0
GB55814	0
GB43102,GB43037	1
GB50723	1
GB53722	0
GB40092	0
GB47485	2
GB46299	2
GB41191	0
GB48830	0
GB52803	0
GB41638	1
GB51920,GB51920	2
GB44559	2
GB49972	1
GB55895	0
GB46298	1
GB40457	0
GB43903	0
GB49565	0
GB45660	0
GB40299	2
GB41412	0
GB50918	0
GB50124	1
GB53368	2
GB48696	0
GB40653	1
GB42318	0
GB51899	5
GB46797	0
GB51174	0
GB55140	0
GB42926	0
GB55782	1
GB54924	0
GB42725	0
GB52888	0
GB53492	1
GB46762	0
GB46517	1
GB44942	0
GB44033	0
GB48791	1
GB52644	0
GB40819	1
GB42888	1
GB48975	0
GB47592	0
GB48358	0
GB44084	0
GB40536	0
GB46172	0
GB42585	3
GB46179	1
GB47741,GB50718	6
GB46343	3
GB44929	0
GB53110	1
GB50830	2
GB46734	0
GB50389	0
GB46587	9
GB43537	1
GB55680	0
GB50029	0
GB55471	1
GB52539	1
GB43852	0
GB44022,GB54596	1
GB50656	0
GB53037,GB53127	0
GB43696	0
GB43927	0
GB47505,GB47408,GB44339,GB44339	5
GB50012	3
GB50883	3
GB45616	0
GB50612	0
GB53703	0
GB47821	0
GB53367	2
GB47840	2
GB48844	2
GB44340	0
GB51636	0
GB49405	0
GB42018	0
GB46946	0
GB42627	0
GB46619	0
GB43367	1
GB48700	1
GB54133	0
GB50230	0
GB51585	1
GB41774	0
GB41663	2
GB41361	1
GB53164	1
GB43501	0
GB46272	0
GB45523	1
GB48217,GB48217	2
GB50068	0
GB53917	1
GB55635	1
GB52832	1
GB40011	0
GB46819	0
GB41359	0
GB46648	2
GB51850	0
GB41665	0
GB52833,GB52833	1
GB53539	1
GB53018	0
GB47940	0
GB54462	0
GB50982	1
GB50283	0
GB50179	0
GB48423	1
GB43201	0
GB41719	0
GB42311	0
GB42662	1
GB41953	0
GB46680,GB47004	1
GB54836	0
GB52428	1
GB49992	0
GB43534	0
GB47877	0
GB47506,GB47482	7
GB51460	0
GB44051	0
GB44019	1
GB55827	0
GB50478	0
GB55708	3
GB48338	0
GB49938	0
GB40606	0
GB51222	0
GB46213	1
GB41151	0
GB54962	0
GB44998	0
GB43449	1
GB44068	0
GB42927	0
GB50408	1
GB54732	6
GB48832	0
GB40492	2
GB49057	0
GB48484	0
GB50676	0
GB49848	0
GB47724	0
GB41267	0
GB51579	1
GB47054	0
GB42178	0
GB42307	1
GB48713	0
GB53935	0
GB52161,GB52202,GB52203	7
GB42608	0
GB52637	0
GB45545	0
GB52027	0
GB48780	0
GB52660	0
GB53252	0
GB40722	0
GB50840	0
GB44318,GB44318,GB44318,GB44318	9
GB40448	2
GB47605	0
GB42688	0
GB45505	1
GB51146	0
GB41780	0
GB45731	0
GB48668	0
GB47364	0
GB53077	0
GB42663	1
GB45496	0
GB40828	0
GB40892	0
GB52698	0
GB48819	0
GB40165	1
GB49085	0
GB51253	2
GB55065	0
GB42910	6
GB41398	1
GB46845	2
GB48701	0
GB53795	0
GB55920	0
GB50044	0
GB41818	1
GB53946	0
GB52501	0
GB45026	0
GB55068	0
GB49987	0
GB42980,GB42980	1
GB47176	1
GB50520	1
GB47542	0
GB50296	4
GB54554	0
GB52468	1
GB40314	0
GB45010	0
GB45989	0
GB46815	3
GB47481	0
GB50530	0
GB48038	0
GB48472	0
GB46777	0
GB44503	0
GB41648	0
GB44683	0
GB54662	1
GB41078	1
GB44994	0
GB52758	0
GB51997	0
GB40338	0
GB47034	0
GB48586	0
GB42182	0
GB45434	0
GB42410	2
GB46440	0
GB41157	0
GB51736,GB41015	5
GB42599	0
GB48770	0
GB44104	1
GB47886	1
GB40860	0
GB46503	0
GB50376	0
GB50601	0
GB52786	1
GB55242	5
GB48407	0
GB53485	2
GB50611	0
GB51566	0
GB40056	0
GB50335	0
GB41210	0
GB41709	0
GB53947	1
GB48439	0
GB47707	0
GB51617	1
GB53776	0
GB43091	2
GB42716	1
GB50529	1
GB49779	1
GB48554	0
GB47830	0
GB45396	1
GB50451	1
GB45957	0
GB41084	0
GB43934	0
GB50937	2
GB55817	4
GB46197	0
GB43156	1
GB53200	1
GB51853,GB51853	1
GB55427	1
GB49857	0
GB42370	3
GB53116	0
GB53405	0
GB44608	1
GB51050	0
GB50917	1
GB43703	0
GB49786	0
GB50481	2
GB55030	1
GB44986	0
GB51485	0
GB46595	0
GB47116	0
GB50746	1
GB45209	0
GB54963	0
GB41303	0
GB46601	0
GB42305	0
GB54148	0
GB54654	1
GB53031	0
GB43642	0
GB55111	4
GB53886	1
GB48831,GB48833	7
GB54390	0
GB50241	1
GB40396	0
GB47745	0
GB45742	0
GB49572	0
GB53112	0
GB55379	2
GB51625	1
GB42228	0
GB42088	3
GB48314	0
GB53733	0
GB50905	1
GB44153	2
GB51420,GB51420	1
GB46899	0
GB45838	0
GB49220	1
GB55473	0
GB40311	0
GB50005	3
GB41236	2
GB47993	0
GB51449	1
GB53892	3
GB43823	9
GB55150	0
GB41428	7
GB48373	0
GB54969	3
GB55749,GB53749	3
GB50356	1
GB40252	1
GB45661	0
GB50220	1
GB50116,GB50121,GB45614,GB45614,GB49510	12
GB47027	0
GB51003	0
GB43951	0
GB50119	2
GB54126	0
GB45469	0
GB45476	0
GB49526	0
GB53010	0
GB42907	3
GB47859	0
GB43538	0
GB41733	1
GB53371	1
GB47618	4
GB54734	1
GB41655	0
GB41657	0
GB41589	0
GB49993	2
GB40937	0
GB46220	0
GB50149	0
GB48391	1
GB53504	0
GB42151	0
GB44399	0
GB41251	0
GB45629	0
GB42717	1
GB47371	0
GB41686	0
GB55561	0
GB44870	0
GB47464	0
GB50613	0
GB46288	0
GB49606	0
GB41228	0
GB52685	0
GB46453	0
GB49581	1
GB53484	1
GB43923	0
GB55966	0
GB43434	0
GB55057	0
GB41383,GB41383	1
GB53044,GB49554	3
GB53358	2
GB55169	0
GB46585	0
GB51301	0
GB47650	1
GB51206	0
GB54384	1
GB40331	0
GB42908	0
GB48842	2
GB44050	0
GB51695	0
GB43569	1
GB55615	1
GB47520	0
GB42767	0
GB49234	2
GB47612	0
GB40820	0
GB53863	0
GB41728	0
GB53263	0
GB53372	0
GB46668	1
GB51939	0
GB50775	0
GB41699	0
GB40093	0
GB48256	0
GB46250	0
GB51979	0
GB47754	0
GB47000	2
GB51304	0
GB48956	2
GB55298	6
GB40462	0
GB49225	0
GB46385	0
GB53930	0
GB43444	0
GB44189	0
GB54914	0
GB42287,GB53911,GB53978	9
GB40094	0
GB50888	0
GB50084	0
GB53211	0
GB52318	1
GB43440	0
GB40616	0
GB53622	0
GB50118,GB50120	3
GB42623	0
GB43112	1
GB50324	0
GB46412	0
GB42911	0
GB43476	0
GB55718,GB55718	1
GB52831	0
GB42621	0
GB48342	0
GB46399	0
GB41772	0
GB48149	0
GB44892	0
GB41620	0
GB51989	4
GB48958	0
GB50528	0
GB52248	0
GB53623	2
GB54489	1
GB54553	1
GB54455	0
GB54424	0
GB44100	0
GB53748	0
GB53125	0
GB42373	0
GB52205	0
GB52384	1
GB52408	0
GB54068	0
GB52886	0
GB40276	0
GB44385	0
GB48851	0
GB52887	0
GB43268	0
GB44001	1
GB51774	0
GB48287	0
GB45745	0
GB48184	0
GB50868	0
GB46637	0
GB41096	0
GB42132	0
GB53279	0
GB53903	0
GB47912	0
GB53620	0
GB52859	0
GB54629	0
GB43274	0
GB54824	0
GB51594	0
GB49252	0
GB55342	0
GB46163	0
GB50263	0
GB41587	0
GB54665	0
GB40045	0
GB46198	0
GB43322	0
GB42003	0
GB54620	0
GB40210	0
GB52267	0
GB52863	0
GB48041	0
GB40959	0
GB41594	0
GB51378	0
GB48073	0
GB53884	0
GB55851	0
GB40173	0
GB45781	0
GB42602	0
GB48212	0
GB49035	0
GB43072	0
GB42121	0
GB49815	0
GB41578	0
GB56037	0
GB44324	1
GB55924	0
GB44234	0
GB53511,GB45482,GB46350	2
GB52860	0
GB50326	0
GB46841	0
GB49547	0
GB40571	0
GB42122	0
GB43764	0
GB50502	0
GB40036	2
GB53498,GB53498	1
GB40040	0
GB45079	0
GB41535	0
GB46103	0
GB45954	0
GB46110	0
GB40111	0
GB50710	0
GB43547	0
GB44274	0
GB40125	0
GB50058	0
GB43050	0
GB53370	1
GB40178	0
GB41022,GB41023,GB43647,GB43765	2
GB46527,GB46527	1
GB52970	0
GB42345	0
GB42684	0
GB51294	0
GB53559	0
GB51184	0
GB41812	0
GB46993	0
GB46417	0
GB41380	0
GB44105	0
GB52549	0
GB47484	0
GB43994	0
GB48902	0
GB42123,GB46990	1
GB55726	0
GB43299	0
GB46518	0
GB47090	0
GB43535	0
GB52317	1
GB50227	0
GB55064	0
GB41637	0
GB52571	0
