Desc	Family ID	Acromyrmex_echinatior	Acyrthosiphon_pisum	Aedes_aegypti	Aedes_albopictus	Aethina_tumida	Agrilus_planipennis	Amyelois_transitella	Anopheles_albimanus	Anopheles_atroparvus	Anopheles_christyi	Anopheles_culicifacies	Anopheles_darlingi	Anopheles_dirus	Anopheles_epiroticus	Anopheles_farauti	Anopheles_funestus	Anopheles_gambiae	Anopheles_maculatus	Anopheles_minimus	Anopheles_sinensis	Anopheles_stephensi	Anoplophora_glabripennis	Aphis_glycines	Apis_mellifera	Athalia_rosae	Atta_colombica	Bactrocera_latifrons	Bactrocera_oleae	Belgica_antarctica	Bemisia_tabaci	Blattella_germanica	Bombus_impatiens	Bombyx_mori	Calopteryx_splendens	Campodea_augens	Camponotus_floridanus	Cardiocondyla_obscurior	Catajapyx_aquilonaris	Centruroides_sculpturatus	Cephus_cinctus	Ceratina_calcarata	Ceratitis_capitata	Ceratosolen_solmsi_marchali	Chilo_suppressalis	Cimex_lectularius	Clunio_marinus	Copidosoma_floridanum	Culex_quinquefasciatus	Cyphomyrmex_costatus	Danaus_plexippus	Daphnia_magna	Daphnia_pulex	Dendroctonus_ponderosae	Diachasma_alloeum	Diaphorina_citri	Dinoponera_quadriceps	Diuraphis_noxia	Drosophila_ananassae	Drosophila_biarmipes	Drosophila_bipectinata	Drosophila_busckii	Drosophila_elegans	Drosophila_erecta	Drosophila_eugracilis	Drosophila_ficusphila	Drosophila_grimshawi	Drosophila_hydei	Drosophila_melanogaster	Drosophila_mojavensis	Drosophila_obscura	Drosophila_pseudoobscura	Drosophila_rhopaloa	Drosophila_serrata	Drosophila_takahashii	Drosophila_virilis	Drosophila_willistoni	Drosophila_yakuba	Dufourea_novaeangliae	Ephemera_danica	Eufriesea_mexicana	Euglossa_dilemma	Euroglyphus_maynei	Eurytemora_affinis	Folsomia_candida	Fopius_arisanus	Frankliniella_occidentalis	Galendromus_occidentalis	Galloisiana_yuasai	Gerris_buenoi	Glossina_austeni	Glossina_brevipalpis	Glossina_morsitans	Glossina_palpalis	Habropoda_laboriosa	Halyomorpha_halys	Harpegnathos_saltator	Heliconius_erato_lativitta	Heliconius_melpomene	Helicoverpa_armigera	Homalodisca_vitripennis	Hyalella_azteca	Ixodes_scapularis	Ladona_fulva	Lasioglossum_albipes	Lasius_niger	Lepeophtheirus_salmonis	Leptinotarsa_decemlineata	Limnephilus_lunatus	Limulus_polyphemus	Linepithema_humile	Locusta_migratoria	Lucilia_cuprina	Lutzomyia_longipalpis	Macrocentrus_cingulum	Manduca_sexta	Mayetiola_destructor	Megachile_rotundata	Melipona_quadrifasciata	Melitaea_cinxia	Mengenilla_moldrzyki	Microplitis_demolitor	Monomorium_pharaonis	Musca_domestica	Myzus_cerasi	Myzus_persicae	Nasonia_vitripennis	Neodiprion_lecontei	Nicrophorus_vespilloides	Nilaparvata_lugens	Oncopeltus_fasciatus	Onthophagus_taurus	Ooceraea_biroi	Operophtera_brumata	Orchesella_cincta	Orussus_abietinus	Oryctes_borbonicus	Pachypsylla_venusta	Papilio_glaucus	Papilio_polytes	Papilio_xuthus	Parasteatoda_tepidariorum	Pediculus_humanus	Phlebotomus_papatasi	Pieris_rapae	Plutella_xylostella	Pogonomyrmex_barbatus	Polistes_canadensis	Polypedilum_nubifer	Polypedilum_vanderplanki	Pseudomyrmex_gracilis	Rhagoletis_zephyria	Rhodnius_prolixus	Rhopalosiphum_padi	Sarcoptes_scabiei	Solenopsis_invicta	Spodoptera_litura	Stegodyphus_mimosarum	Stomoxys_calcitrans	Strigamia_maritima	Tetranychus_urticae	Tigriopus_californicus	Trachymyrmex_septentrionalis	Tribolium_castaneum	Trichogramma_pretiosum	Tropilaelaps_mercedesae	Varroa_jacobsoni	Vollenhovia_emeryi	Wasmannia_auropunctata	Zeugodacus_cucurbitae	Zootermopsis_nevadensis
148	101263at6656	3	0	24	27	13	28	24	5	27	12	28	19	15	26	23	25	34	19	17	15	27	33	0	1	4	3	12	14	18	0	3	1	24	4	15	0	3	1	0	2	1	14	13	9	3	19	7	37	2	11	31	25	15	3	0	1	0	39	35	40	17	27	29	38	39	29	22	31	24	31	30	38	32	43	25	43	35	1	23	1	1	2	6	12	1	11	1	11	14	3	3	2	3	1	1	2	8	26	41	0	8	1	8	1	1	19	4	13	0	1	4	55	11	0	37	2	1	1	17	0	1	2	21	0	0	7	3	6	1	1	22	2	18	10	0	2	0	21	29	24	0	1	4	23	19	2	0	36	29	1	15	1	0	0	2	36	0	23	2	1	11	1	40	20	0	0	8	6	25	3
95	101807at6656	25	10	0	0	21	2	2	0	0	0	0	0	1	0	0	7	0	0	2	0	0	5	5	0	0	10	1	0	0	1	20	4	0	22	4	4	0	0	32	3	0	0	0	0	0	0	0	0	10	2	0	0	1	0	0	29	2	0	1	0	0	1	1	1	0	0	0	0	0	0	0	1	0	1	0	0	0	4	0	1	5	0	0	1	0	0	0	2	13	3	0	1	3	4	17	13	1	7	0	19	2	1	51	29	15	0	2	17	2	4	11	0	2	0	3	0	4	10	2	10	0	0	1	9	3	0	0	5	10	2	0	4	0	3	0	4	1	0	1	1	29	4	1	4	0	6	0	0	2	9	13	79	9	0	5	1	58	1	0	4	1	27	2	0	0	0	5	5	0	3
121	102167at6656	3	72	12	0	1	1	13	1	1	2	1	1	7	5	0	5	1	2	5	1	1	14	11	0	3	1	7	1	0	1	4	1	4	29	3	13	8	2	22	1	0	0	0	2	1	0	7	0	33	3	8	1	1	0	1	0	15	1	1	1	0	0	0	0	0	0	1	0	0	4	1	4	1	4	0	0	0	0	1	0	1	0	0	13	0	19	2	18	23	2	0	0	1	1	4	11	0	0	2	41	2	2	28	4	43	0	11	5	0	13	5	4	1	5	1	8	0	0	2	2	2	17	8	45	42	11	1	0	8	1	28	13	10	6	1	0	1	2	1	1	8	0	0	4	2	3	0	0	0	9	34	1	11	0	29	3	7	2	1	0	0	2	0	0	0	0	34	14	6	2
82	103767at6656	0	41	0	0	0	0	6	0	0	0	0	0	0	0	0	0	0	0	0	0	0	7	11	0	1	0	0	0	0	0	30	0	1	8	7	0	0	2	2	0	0	0	0	2	0	0	0	1	4	5	0	53	2	3	2	2	19	0	0	2	0	0	0	0	0	0	0	0	0	1	0	0	0	0	0	0	0	2	0	1	1	0	3	3	0	3	0	76	13	1	0	1	7	2	0	2	4	26	0	72	2	3	10	0	0	7	11	8	0	2	3	2	0	0	3	1	1	0	2	4	1	1	0	31	31	1	1	1	8	0	4	0	4	0	0	0	3	1	1	2	2	0	1	3	0	0	1	0	0	1	7	2	39	0	1	7	9	0	0	0	0	0	1	1	0	0	0	0	1	1
158	103973at6656	2	92	10	2	2	9	4	2	0	2	2	2	2	1	1	1	1	3	2	0	3	14	19	1	2	2	26	5	5	3	140	18	4	54	15	4	0	4	71	5	5	7	1	2	3	4	4	1	3	5	5	12	0	14	1	3	24	2	1	2	1	0	1	2	2	0	0	1	2	1	1	1	1	1	1	0	1	20	2	9	4	0	0	1	4	12	42	43	25	18	11	1	11	15	9	2	2	3	4	73	5	14	66	2	10	5	2	11	10	1	19	3	3	3	4	23	37	1	2	7	22	2	4	25	31	1	7	12	6	17	42	1	6	3	1	3	4	2	2	11	56	2	5	4	1	0	1	1	4	12	21	13	52	0	11	5	63	5	3	15	4	3	5	21	4	3	10	2	17	13
59	104494at6656	0	78	1	3	0	0	4	0	0	0	0	0	0	0	0	0	0	0	0	0	0	0	40	0	0	0	0	0	4	13	10	0	0	5	16	0	1	1	0	1	0	0	0	0	0	0	0	4	0	1	1	33	0	7	0	0	7	0	0	0	0	0	0	0	0	0	0	0	0	0	0	0	0	0	0	0	0	0	3	0	0	1	5	1	3	10	66	58	5	0	0	0	0	0	0	0	2	2	1	3	1	7	11	0	0	7	0	2	0	0	0	0	0	1	0	4	0	0	0	0	2	0	0	101	19	0	0	1	4	0	0	0	4	1	0	0	0	0	0	1	1	0	1	0	0	0	0	2	0	0	2	0	32	0	1	3	1	0	9	3	2	0	0	0	0	0	1	0	0	0
86	106734at6656	6	0	1	6	3	6	0	0	0	0	0	0	0	0	0	0	0	0	0	0	0	38	0	0	0	1	0	0	0	8	22	0	1	105	88	4	2	0	282	0	0	0	0	0	0	14	6	0	13	0	3	0	9	32	8	1	0	0	0	0	0	0	0	0	2	0	0	0	0	0	0	0	0	0	0	0	0	1	0	0	1	0	8	31	2	0	0	102	27	0	0	0	0	1	1	1	1	2	1	1	1	0	69	6	27	1	21	4	7	1	52	0	10	1	2	22	4	0	1	0	2	4	0	0	0	0	11	0	4	4	31	32	3	0	1	1	7	0	7	1	3	3	6	1	0	2	5	0	0	19	58	0	0	0	30	5	7	2	2	0	0	32	1	12	0	0	91	4	0	9
124	107419at6656	6	212	2	24	1	0	2	2	2	0	0	0	0	1	0	0	0	0	0	0	1	7	44	0	0	1	5	2	2	3	33	74	4	60	15	1	19	0	71	1	9	3	0	5	12	0	4	3	20	3	40	55	1	12	22	1	15	0	0	0	0	0	0	0	1	0	0	0	0	0	0	0	0	0	1	0	0	5	13	0	2	1	4	2	2	4	2	29	52	0	2	1	1	1	16	2	0	21	1	127	13	15	10	28	39	0	7	13	1	5	33	3	4	26	9	3	15	2	6	8	9	5	2	192	11	9	5	7	8	61	6	6	16	3	1	0	26	1	1	2	87	0	3	1	6	3	0	0	7	12	31	41	67	0	10	2	29	5	6	3	1	2	5	2	0	0	7	9	1	0
121	110033at6656	1	92	2	1	2	2	5	0	0	0	0	0	0	0	0	3	0	0	0	0	0	28	22	0	6	1	1	0	0	1	40	0	13	32	6	7	12	12	11	16	2	0	0	2	9	0	2	0	19	0	18	5	6	2	9	0	25	1	2	1	1	2	2	1	1	1	1	1	1	1	1	2	2	3	1	1	1	0	2	0	0	0	3	11	1	4	0	251	2	1	1	1	1	0	1	4	4	4	11	22	2	6	15	1	15	0	11	11	1	8	1	3	0	3	5	10	0	0	10	11	2	7	4	37	34	1	3	2	5	0	27	6	34	0	1	0	6	2	4	1	4	0	1	6	15	0	0	0	0	10	26	0	21	0	10	7	2	4	0	1	3	1	4	0	0	0	13	2	0	0
65	110994at6656	0	60	12	3	0	1	0	0	0	0	0	0	1	0	0	1	1	0	0	0	0	2	50	0	2	0	0	0	0	7	0	0	0	3	1	0	31	2	0	0	0	0	0	0	0	0	2	4	1	0	31	10	0	2	3	0	4	0	0	0	0	0	0	0	0	0	0	0	0	0	0	0	0	0	0	0	0	0	10	0	0	4	1	2	0	95	0	4	13	0	0	0	0	0	0	1	0	0	0	0	0	23	0	0	6	0	2	1	0	5	0	2	2	71	0	10	0	0	0	24	8	1	0	58	22	8	2	0	0	0	2	3	0	3	0	0	2	0	0	0	1	0	2	0	0	1	0	1	11	1	2	0	31	0	4	1	0	0	1	0	0	0	0	5	0	0	17	4	0	0
12	111467at6656	0	0	0	0	1	0	0	0	0	0	0	0	0	0	0	0	0	0	0	0	0	0	0	0	0	0	0	0	0	0	0	25	1	0	0	0	0	0	0	0	0	0	0	0	0	0	0	0	0	4	0	1	0	0	0	0	0	0	0	0	0	0	0	0	0	0	0	0	0	0	0	0	0	0	0	0	0	0	0	0	0	0	0	0	0	0	0	0	0	0	0	0	0	0	0	0	0	38	1	0	0	0	0	0	0	0	0	0	0	0	0	0	0	0	0	0	0	0	1	1	0	0	0	0	0	0	1	0	0	0	0	0	0	0	0	0	0	0	1	0	0	0	0	0	3	0	0	0	0	0	0	0	0	0	0	0	0	0	0	0	0	0	0	0	0	0	0	0	0	0
98	112624at6656	1	42	24	3	0	0	11	1	1	1	1	1	1	2	1	2	3	1	2	1	2	2	13	0	0	0	2	0	11	4	37	1	2	11	19	1	3	1	2	1	2	0	0	4	0	3	9	14	1	0	22	3	0	6	1	1	2	0	0	0	0	0	0	0	1	0	0	0	0	0	0	0	0	0	0	1	0	0	4	0	0	0	0	0	1	5	5	29	3	0	0	0	0	0	0	2	0	1	2	37	3	0	14	0	4	0	6	2	0	2	2	0	0	19	4	10	4	0	7	0	4	2	0	18	7	4	0	0	2	0	6	1	8	0	0	0	5	1	0	0	3	0	4	0	1	0	0	4	9	14	2	7	13	0	2	11	22	0	1	1	0	0	0	10	0	0	5	4	0	0
124	117183at6656	3	237	2	26	0	1	10	1	0	0	0	1	4	1	0	1	0	0	0	0	1	21	82	0	0	2	2	0	12	14	65	72	41	79	44	8	10	0	31	3	4	0	0	27	5	0	11	12	17	12	14	2	20	29	30	4	31	32	0	1	0	0	0	0	1	0	0	0	0	0	0	0	1	0	0	0	0	2	12	3	0	0	3	2	5	12	33	0	148	1	0	0	0	1	36	5	1	265	18	60	10	14	68	33	74	0	1	17	11	4	40	1	3	34	25	2	1	4	5	38	4	9	2	222	19	12	5	1	73	44	6	5	28	3	1	0	60	19	5	6	13	3	8	8	20	7	1	1	5	14	3	48	127	0	29	12	14	2	27	0	0	26	0	1	1	0	21	6	0	4
118	118905at6656	1	0	2	0	0	0	1	1	0	0	1	0	0	0	3	0	2	0	2	0	1	13	0	0	4	2	1	2	0	0	35	0	5	10	40	4	1	6	0	6	0	1	2	9	1	0	4	16	2	3	6	2	3	2	0	4	0	13	14	7	5	18	8	14	19	3	1	6	2	10	1	29	6	43	2	4	15	2	32	0	0	0	2	6	2	0	0	3	0	2	8	1	0	0	0	1	12	8	11	1	14	1	26	4	3	2	1	8	3	3	4	7	2	2	14	0	4	0	5	0	2	2	5	0	0	6	14	2	0	0	0	4	23	14	1	0	0	7	9	4	0	0	1	6	0	3	0	16	1	4	1	0	0	0	1	12	2	23	1	0	3	1	0	5	0	0	2	2	3	6
103	120273at6656	28	8	0	1	3	3	0	0	1	0	0	0	2	0	1	1	0	0	2	0	1	5	1	17	0	20	5	3	0	0	27	50	5	11	5	17	4	0	23	2	1	4	0	0	2	0	0	0	14	1	0	0	1	0	0	52	6	2	1	1	0	0	2	0	3	0	0	0	0	0	0	0	0	0	0	0	0	22	0	6	12	0	0	0	0	1	3	1	14	18	0	7	17	13	12	42	0	2	0	26	0	0	13	82	22	5	3	7	8	10	9	0	1	0	4	1	25	138	0	30	0	4	0	9	1	2	0	3	1	4	1	19	0	0	3	1	5	0	1	0	26	2	3	2	0	9	6	0	4	20	2	29	22	0	9	0	25	0	0	2	0	29	0	2	1	0	6	2	2	4
94	121414at6656	3	289	9	1	0	2	0	7	4	6	5	3	19	43	1	37	11	6	16	3	15	2	38	0	0	1	0	0	1	12	1	0	0	44	11	5	43	2	0	2	0	0	0	0	0	1	1	6	7	0	48	43	2	4	2	0	8	0	0	1	0	0	0	0	0	0	0	0	0	0	0	0	0	0	0	0	0	0	14	0	0	0	7	1	6	66	0	31	4	0	0	0	0	0	0	15	0	0	3	0	5	34	26	10	29	1	1	0	1	10	0	2	7	81	0	32	0	0	3	32	3	7	0	192	27	14	3	0	3	0	0	4	0	24	0	0	0	1	0	0	7	1	12	0	0	4	0	12	9	9	8	0	114	0	19	0	3	0	4	2	0	1	1	2	0	0	27	15	0	0
115	121735at6656	2	191	6	1	0	1	17	3	0	0	0	0	3	2	0	5	0	0	1	0	0	11	14	0	3	1	8	1	0	1	6	0	4	11	7	6	6	10	9	3	2	2	0	2	9	0	5	1	21	2	1	3	0	2	1	2	70	0	0	1	0	0	0	0	0	1	1	0	0	1	0	0	1	0	1	0	0	2	6	0	0	4	0	5	1	5	0	7	17	1	0	0	0	0	2	2	2	1	3	58	3	4	37	6	24	1	12	9	0	10	3	4	1	0	1	3	0	0	1	0	0	3	6	86	115	5	6	2	7	1	46	2	8	1	0	1	4	1	1	2	6	0	9	4	4	4	0	0	0	5	55	0	52	0	3	5	4	1	2	0	0	2	2	5	0	0	22	3	3	2
90	124055at6656	1	56	0	1	0	1	1	0	0	0	1	0	0	2	1	0	0	0	0	0	1	3	27	0	0	0	0	0	1	2	6	111	0	38	0	0	2	0	2	0	1	0	0	1	0	1	0	0	3	1	3	1	0	0	1	1	0	0	1	1	0	0	0	0	0	0	0	0	0	0	0	0	0	0	19	0	0	2	0	1	1	0	2	0	0	0	1	7	5	2	0	1	1	3	5	0	3	10	0	12	1	8	5	4	20	0	2	0	0	1	1	0	1	5	1	3	1	4	4	2	1	1	0	63	1	0	1	2	1	8	0	0	11	1	1	0	10	1	1	2	0	0	3	0	0	1	2	1	1	0	2	1	44	0	0	2	4	1	0	0	0	6	0	1	0	0	1	0	0	0
152	130226at6656	2	138	5	0	2	4	8	0	0	5	1	0	5	5	1	8	1	2	7	0	5	9	37	1	0	1	6	1	3	11	7	1	2	36	30	5	10	16	24	2	6	0	1	1	1	3	4	8	14	3	53	50	5	13	2	2	40	4	6	10	7	3	2	3	5	3	2	2	3	12	2	9	3	4	2	12	2	5	5	0	3	0	2	12	2	46	15	24	42	0	0	0	0	2	5	7	0	9	2	43	1	10	46	9	30	10	4	9	4	10	14	5	2	10	8	49	1	5	15	5	25	6	3	96	76	12	1	0	4	3	28	6	6	10	0	2	4	3	3	1	8	2	2	2	5	1	0	0	15	7	57	30	82	2	12	14	9	3	3	7	9	2	2	4	2	1	27	12	3	2
43	133074at6656	0	134	0	0	3	0	0	0	0	0	0	0	0	0	0	0	0	0	0	0	0	2	13	0	0	0	1	0	0	0	29	0	0	13	1	0	0	1	4	0	0	0	0	0	0	0	0	0	0	0	1	1	0	0	0	0	4	0	0	0	0	0	0	0	1	0	0	0	0	0	0	0	0	0	1	0	0	0	4	0	0	0	0	0	0	1	42	13	6	0	0	0	0	0	0	0	0	0	0	0	0	0	0	0	1	0	0	4	0	0	1	0	0	7	0	6	0	0	0	2	0	0	1	41	12	0	0	1	0	0	2	0	0	9	0	3	1	0	0	0	1	0	0	0	0	0	1	0	0	1	5	10	59	0	0	0	1	0	0	0	4	0	0	0	0	0	1	0	0	0
76	133624at6656	2	15	1	0	0	0	1	0	4	0	0	0	2	0	0	0	0	3	0	0	0	1	7	0	0	0	1	0	0	1	3	42	7	2	3	2	0	1	13	1	3	0	0	0	0	0	0	0	3	4	0	0	0	6	1	1	2	0	0	0	0	0	0	0	0	0	0	0	5	0	0	0	0	0	0	0	0	1	0	2	1	0	0	0	1	0	0	0	5	0	0	0	0	2	0	4	0	1	0	56	1	3	6	4	14	0	1	0	0	6	0	0	0	1	0	0	2	0	2	0	2	1	0	11	2	3	3	0	1	7	3	9	1	0	0	0	2	1	0	4	1	1	0	0	0	2	1	0	0	16	3	6	10	1	19	0	0	0	0	0	0	3	1	0	2	0	36	4	0	0
130	134200at6656	6	57	7	0	0	1	2	0	2	0	0	0	2	0	1	0	1	0	0	0	0	23	14	0	5	4	20	5	0	4	5	1	2	15	7	8	14	4	49	7	1	2	0	2	1	0	4	0	56	2	7	17	2	4	1	2	14	1	1	1	2	1	2	1	2	2	2	1	2	2	2	1	1	3	2	2	1	1	4	0	0	0	0	14	3	67	0	189	9	2	0	1	1	0	3	36	0	1	2	11	2	10	2	2	35	0	5	0	2	24	1	5	0	10	2	5	0	0	2	41	5	33	5	28	24	13	5	0	4	2	6	20	1	6	3	0	1	2	2	2	2	0	2	1	4	9	2	0	0	29	44	1	9	0	42	2	2	4	9	0	0	7	4	5	0	0	30	26	9	1
99	138370at6656	0	74	3	3	0	6	1	0	2	0	1	0	1	3	1	1	0	1	1	0	0	3	19	0	0	0	0	0	9	4	35	151	5	45	0	0	1	0	7	1	1	0	0	2	2	2	1	3	0	3	6	3	1	0	2	0	2	0	0	3	0	0	0	0	0	0	0	0	0	0	1	0	1	0	13	0	0	4	5	1	1	0	0	0	0	3	1	39	5	1	0	0	1	3	1	0	3	56	0	22	1	3	53	4	15	0	1	17	1	0	11	0	10	9	2	6	1	4	3	0	1	0	3	37	0	0	1	1	3	27	1	0	15	0	0	0	5	0	1	3	8	0	15	1	3	0	0	2	3	1	7	3	65	0	0	4	33	0	0	1	0	0	4	0	0	0	1	0	0	1
7	143056at6656	0	0	0	0	0	0	0	0	0	0	0	0	0	0	0	1	0	0	0	0	0	0	0	0	0	0	0	0	1	0	0	0	0	0	0	0	0	0	42	0	0	0	0	0	0	1	0	0	0	0	0	0	0	0	0	0	0	0	0	0	0	0	0	0	0	0	0	0	0	0	0	0	0	0	0	0	0	0	0	0	0	0	0	1	0	0	0	0	0	0	0	0	0	0	0	0	0	0	0	0	0	0	0	0	0	0	0	0	0	0	0	0	0	0	0	0	0	0	0	0	0	0	0	0	0	0	0	0	0	0	0	0	0	0	0	0	0	0	0	0	0	0	0	0	0	0	0	1	1	0	0	0	0	0	0	0	0	0	0	0	0	0	0	0	0	0	0	0	0	0
92	143375at6656	0	92	0	0	0	1	0	2	6	1	1	0	1	0	0	4	0	3	5	2	4	2	25	0	0	1	6	0	3	2	26	2	1	6	14	0	13	4	53	0	0	6	0	0	0	0	0	0	6	0	8	10	2	1	5	0	2	0	0	1	0	0	0	0	0	1	0	0	0	0	0	0	0	0	0	0	0	0	9	0	0	0	0	0	1	8	2	14	27	0	0	0	1	0	2	1	0	0	1	31	0	7	20	7	13	3	0	7	0	3	12	0	0	0	0	0	3	0	2	15	1	1	1	54	24	0	0	0	1	10	3	3	3	14	0	0	8	2	0	3	1	2	0	1	4	1	0	2	2	0	18	1	34	4	2	3	36	0	0	2	14	0	1	0	0	0	6	3	1	0
87	145239at6656	0	26	1	1	0	1	1	0	0	0	0	0	2	0	0	0	0	0	0	0	0	16	4	0	0	0	3	4	1	1	21	12	0	14	3	2	2	0	11	0	5	1	0	0	1	3	0	0	5	1	3	16	0	2	1	0	3	0	0	0	0	0	0	0	0	0	0	0	0	3	5	0	0	0	0	0	1	0	0	1	0	1	0	1	12	0	0	2	3	2	0	0	0	0	7	2	0	4	1	9	0	3	29	2	10	0	5	2	0	17	1	0	0	5	4	1	1	0	0	10	1	1	1	28	0	8	2	0	1	4	3	1	2	0	0	0	5	0	0	1	3	0	1	2	1	1	0	0	1	20	12	3	5	0	10	1	3	0	0	0	1	0	0	1	0	0	0	2	0	0
99	147915at6656	0	66	1	8	0	4	0	0	0	0	0	0	0	0	0	0	0	0	0	0	0	22	8	0	0	0	0	0	0	4	11	13	2	28	42	6	6	1	10	2	1	3	0	0	2	0	3	2	3	0	6	2	2	5	5	2	1	0	0	0	0	1	0	0	1	0	0	0	0	0	0	2	0	0	0	1	0	1	19	0	0	1	0	0	2	9	3	60	10	2	0	3	0	0	1	3	0	0	0	21	0	3	14	1	51	0	7	5	2	2	13	17	2	27	6	3	1	0	3	4	4	4	1	30	1	11	0	0	3	3	0	2	5	1	2	0	4	1	1	1	4	0	2	1	0	6	1	3	0	4	25	2	11	0	10	1	9	3	83	0	5	0	2	0	0	0	6	4	0	0
120	148351at6656	5	16	3	11	1	21	12	0	0	0	0	1	1	2	0	4	0	0	4	0	0	6	3	0	1	0	9	3	0	12	1	36	13	12	2	7	19	0	63	4	7	2	0	1	1	0	17	1	14	2	0	0	2	45	8	2	5	6	0	0	0	0	0	0	0	0	0	0	1	0	2	1	0	0	0	0	2	9	3	1	4	2	35	0	3	0	8	0	92	4	0	1	4	2	11	3	2	10	1	6	2	1	11	19	19	1	2	17	0	6	6	8	0	17	3	9	13	15	2	7	16	6	0	10	12	13	1	1	7	4	6	2	17	0	1	0	3	2	1	8	31	0	0	4	12	3	3	0	0	12	60	10	2	0	25	25	16	3	1	0	4	4	2	5	0	0	36	16	1	0
139	150819at6656	3	60	5	11	0	4	11	6	11	0	5	1	7	8	7	7	0	7	5	7	5	12	19	0	0	0	1	0	1	10	26	91	18	29	6	8	28	2	95	2	17	0	0	2	8	5	6	2	10	7	9	22	3	47	6	1	10	2	1	0	0	0	0	0	1	0	0	0	0	2	1	0	0	0	5	3	0	1	1	4	5	13	1	2	2	2	13	1	19	3	9	1	2	4	12	11	20	53	8	71	1	5	35	17	162	0	9	6	1	21	3	1	1	3	12	2	5	2	11	4	4	3	0	87	13	15	3	2	2	16	23	14	23	0	2	0	6	7	5	37	6	1	1	1	7	3	5	0	0	87	25	8	50	4	20	16	24	0	1	3	1	6	11	10	2	1	70	19	0	0
76	150999at6656	2	43	2	15	0	1	0	0	0	0	0	0	0	1	0	0	0	0	0	0	0	0	0	0	0	0	0	0	0	6	6	11	1	3	25	1	2	0	3	1	2	0	0	1	0	0	3	2	4	1	22	83	0	1	0	0	0	0	0	0	0	0	0	0	0	0	0	0	0	0	0	0	0	0	0	0	0	2	1	0	0	4	0	0	0	2	4	1	23	0	0	0	0	0	2	2	0	0	1	0	0	0	14	1	37	0	1	2	0	2	6	0	0	4	2	6	2	1	1	3	0	4	1	7	0	3	1	0	0	4	0	4	5	2	0	0	1	1	0	0	1	0	0	0	0	1	0	2	1	1	2	0	1	1	8	0	1	0	27	3	0	1	0	2	0	0	3	4	0	0
93	152696at6656	1	7	1	1	0	0	2	0	0	1	0	0	2	0	0	2	0	0	0	1	0	0	0	0	0	0	0	0	0	0	63	16	1	1	6	1	11	3	7	0	0	3	0	1	0	0	0	0	1	1	17	25	1	0	0	1	1	10	0	0	0	0	0	0	0	0	0	0	1	0	0	0	0	0	1	0	6	1	2	0	3	0	1	0	0	9	0	1	7	2	0	3	4	3	1	2	1	5	1	64	4	6	17	11	31	0	0	0	2	1	19	0	0	0	1	7	1	5	3	16	0	1	0	7	5	0	0	0	1	5	6	3	14	0	0	6	5	6	0	4	11	0	3	2	1	0	1	4	2	0	3	5	7	0	3	0	674	0	24	3	0	1	0	1	0	0	3	2	1	0
160	153470at6656	4	9	89	11	5	1	1	3	2	2	3	2	4	2	2	2	6	2	2	2	2	1	5	5	5	4	0	1	2	4	4	5	10	2	38	4	2	1	5	5	5	0	5	2	9	3	14	27	4	5	15	6	0	5	12	3	2	24	2	4	0	0	10	1	3	1	0	20	11	0	5	2	5	6	24	7	6	5	2	5	4	2	2	4	5	1	5	34	2	1	2	2	1	5	2	3	1	1	1	4	4	3	3	6	8	10	1	1	6	5	2	4	0	5	2	11	4	6	1	8	7	5	2	3	8	8	3	1	8	1	5	4	3	24	4	0	3	1	2	1	4	5	3	1	3	4	3	4	10	4	6	4	16	3	4	2	5	2	7	3	14	4	5	4	5	3	8	5	0	6
109	15426at6656	2	50	5	26	0	1	8	0	0	0	0	0	2	1	0	1	0	0	1	0	1	1	4	0	0	0	0	1	4	9	3	1	2	27	5	2	0	4	15	0	2	0	0	0	2	2	3	6	6	3	70	95	2	3	43	0	5	0	0	1	0	0	0	0	1	0	0	0	0	0	0	1	0	0	0	0	0	1	13	0	0	0	0	0	0	42	30	4	79	2	0	1	2	0	2	1	0	3	5	11	1	4	9	1	16	8	0	5	2	2	2	3	3	3	6	6	0	0	1	2	1	0	0	18	8	0	6	1	3	12	25	3	9	3	1	1	31	3	1	2	4	0	7	1	4	1	0	9	1	4	13	12	8	1	5	10	7	0	17	0	27	0	3	2	0	0	14	8	0	0
151	155603at6656	1	8	96	14	2	0	3	3	2	1	2	1	1	1	1	1	9	1	1	1	1	0	6	5	5	2	0	1	1	3	2	4	10	1	34	2	1	0	7	7	4	4	4	0	9	1	12	12	2	2	15	11	0	9	8	3	3	21	2	0	0	0	25	1	4	30	0	23	12	1	8	1	6	4	15	3	4	6	1	5	4	4	2	2	3	2	5	78	10	1	3	4	2	6	0	2	2	3	1	2	1	4	2	5	4	1	0	0	3	1	2	0	4	2	2	14	4	5	0	5	7	1	4	4	8	4	9	2	7	2	3	3	3	28	5	0	0	2	2	1	5	6	0	2	3	2	4	2	11	2	8	5	13	2	1	2	3	1	15	3	9	1	3	5	7	5	3	1	0	3
139	155892at6656	1	7	101	17	0	0	1	3	1	1	2	3	1	2	1	1	8	0	3	0	2	0	7	4	1	1	1	1	1	2	1	4	5	0	30	1	2	0	1	1	1	1	2	0	1	1	7	24	0	3	15	3	0	2	5	1	5	24	3	1	1	1	7	2	3	33	1	23	11	2	5	2	1	3	23	5	4	1	0	1	2	1	2	1	1	0	1	52	2	2	3	3	1	2	0	1	0	1	1	0	1	1	1	5	2	10	0	1	2	1	1	2	0	1	3	6	2	4	0	9	2	1	8	1	1	0	1	0	4	1	3	0	0	11	1	0	0	0	0	2	3	6	3	0	1	1	1	0	2	1	0	5	9	3	1	1	2	5	4	1	0	1	2	1	0	2	2	1	1	1
117	158103at6656	13	28	1	20	1	13	6	0	0	1	0	0	2	1	1	2	0	0	3	0	1	8	3	0	0	0	4	2	0	1	2	33	3	13	12	10	2	0	6	5	3	0	0	0	2	0	32	0	7	2	8	4	0	42	5	6	4	0	0	0	0	0	0	0	0	0	0	0	1	0	0	0	0	0	0	0	1	4	6	1	1	4	28	1	2	9	6	38	62	4	0	0	3	5	8	4	2	7	2	11	0	5	7	5	52	1	4	8	0	9	10	3	0	26	9	4	4	7	4	0	15	6	1	18	4	18	4	1	9	11	2	2	8	0	0	0	1	2	1	5	32	0	1	2	3	5	1	0	0	4	27	1	5	0	25	2	9	0	12	1	4	9	3	8	0	0	28	5	1	0
120	159315at6656	15	199	0	3	0	2	6	0	7	0	1	0	1	0	1	4	0	4	1	1	0	8	28	0	0	0	3	1	0	4	14	175	17	23	6	10	8	0	88	1	8	1	0	1	1	1	15	1	10	1	2	2	1	43	2	3	27	4	0	0	0	0	0	0	0	0	0	0	1	0	5	0	0	1	7	0	2	4	0	4	9	1	0	0	3	0	8	2	44	0	2	0	2	3	7	110	1	40	6	94	0	0	22	14	205	0	16	1	0	43	1	0	1	12	12	1	4	1	4	12	3	17	0	179	19	8	4	16	2	14	3	22	6	0	4	0	11	0	1	16	6	4	0	4	1	16	9	0	0	44	6	9	69	2	62	20	19	0	1	0	0	13	1	3	9	3	54	8	1	0
8	162143at6656	0	0	0	0	0	0	0	0	0	0	0	0	0	0	0	0	0	0	0	0	0	0	0	0	0	0	0	0	0	0	0	0	0	0	0	0	0	0	0	0	0	0	0	0	0	0	0	0	0	0	1	1	0	0	0	0	0	0	0	0	0	0	0	0	0	0	0	0	0	0	0	0	0	0	0	0	0	0	0	0	0	0	1	1	0	0	0	0	0	0	0	0	0	0	0	0	0	0	0	0	40	0	0	0	0	12	0	0	0	0	0	0	0	0	0	0	0	0	0	0	0	0	0	0	0	0	0	0	0	0	0	0	0	4	0	0	0	0	0	0	0	0	0	0	0	0	0	0	0	0	0	0	0	0	0	0	0	0	0	0	3	0	0	0	0	0	0	0	0	0
117	162926at6656	1	27	7	4	0	0	19	1	2	3	3	2	2	3	2	5	4	2	6	1	2	9	4	0	0	0	35	6	0	5	0	0	13	18	1	0	1	1	6	1	0	6	0	3	1	0	0	0	13	5	0	0	1	1	0	0	4	2	2	3	3	2	2	2	6	3	2	2	2	4	5	2	3	6	2	3	2	0	2	0	0	0	0	0	0	6	0	39	2	6	6	6	8	0	0	4	2	6	12	2	1	5	10	0	17	0	4	4	0	3	5	10	5	5	13	8	0	0	6	1	0	2	10	22	14	12	0	0	1	1	1	4	11	1	3	0	0	9	4	4	3	0	6	8	35	0	0	0	0	3	135	0	12	0	3	20	13	5	0	0	0	0	1	0	0	0	5	1	11	0
103	163722at6656	3	37	10	8	0	0	2	1	0	0	0	0	0	0	1	1	0	0	1	0	1	1	4	0	0	0	0	0	1	5	7	11	4	12	6	3	6	0	127	1	1	0	0	1	7	1	6	22	1	2	11	4	1	1	4	0	0	0	0	0	0	0	0	0	0	0	0	0	0	1	0	0	0	1	0	0	0	0	0	0	0	1	0	2	0	4	2	14	23	1	0	0	0	0	3	4	1	24	4	36	4	23	14	2	23	0	5	0	0	1	19	5	2	3	6	1	11	1	1	0	1	5	1	13	6	0	0	2	1	8	7	3	10	0	0	0	10	3	1	1	17	0	5	3	1	5	0	2	1	6	35	2	8	0	7	19	22	0	3	1	0	2	0	4	0	1	3	6	0	0
5	167831at6656	0	0	0	0	0	0	0	0	0	0	0	0	0	0	0	0	0	0	0	0	0	0	0	0	0	0	0	0	0	0	0	0	0	0	0	0	0	0	9	0	0	0	0	0	0	0	0	0	0	0	0	0	0	0	0	0	0	0	0	0	0	0	0	0	0	0	0	0	0	0	0	0	0	0	0	0	0	0	0	0	0	0	0	0	0	0	0	0	0	0	0	0	0	0	0	0	0	0	0	0	0	1	0	0	0	0	0	0	1	0	0	0	0	0	0	0	0	0	0	0	0	0	0	0	0	0	0	0	0	0	0	0	0	0	0	0	0	0	0	0	26	0	0	0	0	0	0	0	0	0	0	0	0	0	0	0	1	0	0	0	0	0	0	0	0	0	0	0	0	0
145	169474at6656	2	11	24	7	1	2	2	0	1	0	1	6	0	0	0	0	6	0	1	0	0	1	11	2	4	2	1	1	1	4	0	2	11	0	12	2	1	1	6	5	3	1	6	0	5	2	11	16	2	2	11	6	1	9	3	2	4	31	1	0	0	2	0	1	2	18	1	23	11	3	6	6	7	2	11	5	9	3	1	2	2	4	7	8	5	0	3	11	9	1	1	2	1	2	0	1	1	1	1	1	5	4	0	4	4	1	0	0	1	2	0	1	0	7	3	6	3	4	1	1	12	2	2	2	8	11	4	2	12	0	4	2	3	16	4	0	0	1	1	1	4	2	2	1	4	3	1	4	4	2	5	6	10	3	2	1	4	2	2	1	6	2	5	6	2	2	2	2	1	3
3	173928at6656	0	0	0	0	0	0	0	0	0	0	0	0	0	0	0	0	0	0	0	0	0	0	0	0	0	0	0	0	0	0	0	0	0	0	0	0	0	0	0	0	0	0	0	0	0	0	0	0	0	0	0	0	0	0	0	0	0	0	0	0	0	0	0	0	0	0	0	0	0	0	0	0	0	0	0	0	0	0	0	0	0	0	0	0	0	0	0	0	0	0	0	0	0	0	0	0	0	0	0	0	0	0	0	0	27	0	0	0	0	0	0	0	0	0	0	0	0	0	0	0	0	4	0	0	0	0	0	0	0	0	0	0	0	0	0	0	0	0	0	0	0	0	0	0	0	0	0	0	0	0	0	0	0	0	0	0	0	0	0	0	0	0	0	0	0	0	2	0	0	0
4	192817at6656	0	0	0	0	0	0	0	0	0	0	0	0	0	0	0	0	0	0	0	0	0	0	0	0	0	0	0	0	0	0	0	0	0	0	0	0	0	0	36	0	0	0	0	0	0	0	0	0	0	0	0	0	0	0	0	0	0	0	0	0	0	0	0	0	0	0	0	0	0	0	0	0	0	0	0	0	0	0	0	0	0	0	0	0	0	0	2	0	0	0	0	0	0	0	0	0	0	0	0	0	0	1	0	0	0	0	0	0	0	0	0	0	0	0	0	0	0	0	0	0	0	0	0	0	0	0	0	0	0	0	0	0	0	0	0	0	0	0	0	0	0	0	0	0	0	0	0	0	0	0	0	0	0	0	0	0	0	0	0	0	0	0	0	0	0	1	0	0	0	0
156	19619at6656	39	454	5	187	0	16	78	21	16	23	6	3	65	74	0	73	9	8	49	8	33	56	40	1	11	10	53	29	27	84	129	66	36	71	3	69	56	1	60	16	57	68	33	5	23	9	295	9	345	6	115	134	9	367	102	9	152	1	12	5	2	0	0	16	4	0	0	0	0	33	1	8	13	6	1	0	0	37	9	17	13	36	31	121	65	3	170	6	558	32	5	7	30	80	46	32	2	24	27	53	15	7	99	95	453	14	34	60	0	104	15	81	28	40	23	129	77	27	7	102	125	103	34	276	224	81	60	1	117	69	107	74	120	21	20	3	29	20	20	55	193	0	86	21	147	19	53	31	72	37	661	15	174	3	476	77	81	17	69	0	63	37	9	64	1	0	705	175	11	4
123	20172at6656	2	55	0	2	0	1	2	1	0	1	0	2	1	0	0	1	1	0	2	0	2	3	13	0	2	0	4	0	1	1	1	49	3	3	3	2	9	0	0	2	2	0	0	1	1	2	2	0	4	2	23	37	0	5	1	1	3	1	3	0	0	1	0	4	1	0	0	0	0	1	0	0	0	7	0	4	0	5	6	2	2	2	3	0	1	6	3	3	7	0	1	1	0	0	4	1	0	1	2	3	0	1	10	23	49	0	1	1	1	6	6	3	3	9	13	4	5	2	1	24	3	5	1	71	4	1	4	0	0	21	3	6	7	2	1	3	0	1	0	6	1	0	4	1	4	1	2	2	0	3	16	8	29	1	4	2	2	2	4	0	5	2	6	2	0	0	18	10	0	0
2	206510at6656	0	0	0	0	0	0	0	0	0	0	0	0	0	0	0	0	0	0	0	0	0	0	0	0	0	0	0	0	0	0	0	0	0	0	0	0	0	0	0	0	0	0	0	0	0	0	0	0	0	0	0	0	0	0	0	0	0	0	0	0	0	0	0	0	0	0	0	0	0	0	0	0	0	0	0	0	0	0	0	0	0	0	0	0	0	0	7	0	0	0	0	0	0	0	0	0	0	0	0	0	0	0	0	0	0	0	0	0	0	0	0	0	0	0	0	0	0	0	0	0	0	0	0	0	0	0	0	0	0	0	26	0	0	0	0	0	0	0	0	0	0	0	0	0	0	0	0	0	0	0	0	0	0	0	0	0	0	0	0	0	0	0	0	0	0	0	0	0	0	0
2	216272at6656	0	0	0	0	0	0	0	0	0	0	0	0	0	0	0	0	0	0	0	0	0	0	0	0	0	0	0	0	0	0	0	0	0	0	0	0	0	0	0	0	0	0	0	0	0	0	0	0	0	0	0	0	0	0	0	0	0	0	0	0	0	0	0	0	0	0	0	0	0	0	0	0	0	0	0	0	0	0	0	0	0	0	0	25	0	0	0	0	0	0	0	0	0	0	0	0	0	0	0	0	0	0	0	0	0	0	0	0	0	0	0	0	0	0	0	0	0	0	0	0	0	0	0	0	0	0	0	0	0	0	0	0	0	3	0	0	0	0	0	0	0	0	0	0	0	0	0	0	0	0	0	0	0	0	0	0	0	0	0	0	0	0	0	0	0	0	0	0	0	0
2	221124at6656	0	0	0	0	0	0	0	0	0	0	0	0	0	0	0	0	0	0	0	0	0	0	0	0	0	0	0	0	0	0	0	0	0	0	0	0	0	0	0	0	0	0	0	0	0	0	0	0	0	0	0	0	0	0	0	0	0	0	0	0	0	0	0	0	0	0	0	0	0	0	0	0	0	0	0	0	0	0	0	0	0	0	0	0	0	0	0	0	0	0	0	0	0	0	0	0	0	0	0	0	0	0	0	0	0	0	0	0	0	0	0	0	0	0	0	0	0	0	0	0	0	0	0	0	0	2	0	0	0	0	0	0	0	0	0	0	0	0	0	0	0	0	0	0	0	0	0	0	0	0	0	0	0	0	0	0	0	0	0	0	0	0	0	16	0	0	0	0	0	0
2	224383at6656	0	0	0	0	0	0	0	0	0	0	0	0	0	0	0	0	0	0	0	0	0	0	0	0	0	0	0	0	0	0	0	0	0	0	0	0	0	0	0	0	0	0	0	0	0	0	0	1	0	0	0	0	0	0	0	0	0	0	0	0	0	0	0	0	0	0	0	0	0	0	0	0	0	0	0	0	0	0	0	0	0	0	0	0	0	0	0	0	0	0	0	0	0	0	0	0	0	0	0	0	0	0	0	0	0	0	0	0	0	0	0	0	0	0	0	0	0	0	0	0	0	0	0	0	0	0	0	0	0	0	0	0	0	15	0	0	0	0	0	0	0	0	0	0	0	0	0	0	0	0	0	0	0	0	0	0	0	0	0	0	0	0	0	0	0	0	0	0	0	0
2	224866at6656	0	16	0	0	0	0	0	0	0	0	0	0	0	0	0	0	0	0	0	0	0	0	0	0	0	0	0	0	0	0	0	0	0	1	0	0	0	0	0	0	0	0	0	0	0	0	0	0	0	0	0	0	0	0	0	0	0	0	0	0	0	0	0	0	0	0	0	0	0	0	0	0	0	0	0	0	0	0	0	0	0	0	0	0	0	0	0	0	0	0	0	0	0	0	0	0	0	0	0	0	0	0	0	0	0	0	0	0	0	0	0	0	0	0	0	0	0	0	0	0	0	0	0	0	0	0	0	0	0	0	0	0	0	0	0	0	0	0	0	0	0	0	0	0	0	0	0	0	0	0	0	0	0	0	0	0	0	0	0	0	0	0	0	0	0	0	0	0	0	0
170	34604at6656	4	168	5	3	7	6	5	5	5	3	5	5	5	5	5	5	5	6	5	4	5	6	15	4	4	4	7	7	5	5	6	4	4	7	6	4	5	4	10	6	4	7	4	1	6	6	3	5	4	4	5	5	6	5	5	4	11	6	6	6	6	6	6	6	8	12	6	6	6	6	6	6	6	6	6	6	7	4	5	4	4	4	5	4	5	6	5	9	6	8	7	8	9	4	6	4	4	5	3	8	6	8	6	4	3	3	6	6	8	4	5	6	4	4	4	4	4	4	2	6	5	4	6	18	17	6	5	6	7	6	9	4	4	4	5	4	4	6	3	4	7	6	4	4	6	4	4	7	5	4	9	6	13	3	4	3	4	6	10	3	2	4	6	4	5	6	5	5	7	7
114	39935at6656	0	215	0	0	2	2	4	4	8	2	0	0	3	7	0	9	0	0	4	0	0	15	11	0	10	0	27	7	2	8	63	0	9	6	38	3	1	5	41	3	1	8	0	0	0	0	25	2	4	5	24	41	0	7	8	0	52	7	0	2	0	0	0	0	1	0	0	0	0	16	0	5	1	0	0	1	2	0	3	0	0	0	1	43	5	17	53	69	54	0	1	1	0	0	0	0	1	14	3	93	1	0	33	4	44	0	12	27	35	0	4	2	3	72	2	3	7	0	2	15	31	4	1	85	44	17	8	0	7	8	2	3	1	2	0	0	18	4	0	8	55	0	5	8	4	0	3	3	5	5	60	7	83	0	4	9	29	0	10	0	5	0	4	4	1	0	20	4	7	0
170	40422at6656	14	11	24	36	31	7	27	9	11	7	12	9	11	10	12	12	13	13	10	10	9	20	6	4	6	18	12	14	5	16	10	3	23	7	25	21	10	2	10	5	9	14	11	8	9	6	15	21	17	22	25	19	21	20	9	7	9	23	21	21	22	20	20	19	23	25	19	23	20	19	22	26	18	21	18	18	20	4	6	4	5	9	6	34	17	21	13	14	3	7	7	6	7	4	21	7	20	28	20	8	14	12	6	4	11	2	21	5	2	14	10	12	7	5	17	7	5	16	16	6	6	15	36	7	9	23	9	35	16	12	26	7	22	28	5	5	6	23	19	19	6	4	8	19	28	7	5	9	11	6	26	3	5	8	29	21	2	38	24	39	5	14	24	26	5	5	16	19	14	11
168	42822at6656	17	136	24	35	38	56	55	18	8	12	13	12	10	12	11	13	16	12	13	7	13	311	13	14	13	13	7	7	19	68	54	18	28	23	85	16	12	12	152	16	13	7	13	16	28	50	70	52	34	17	11	16	46	12	51	15	29	14	30	13	15	19	16	20	14	17	16	15	15	32	24	24	21	34	23	14	17	13	26	15	15	4	248	193	11	25	21	103	39	19	24	14	18	15	198	33	10	23	21	22	61	24	59	22	16	10	147	32	138	13	24	16	30	14	19	16	18	17	24	4	14	15	12	16	25	10	13	12	250	85	23	14	29	54	18	29	19	15	16	16	248	8	34	18	49	15	13	30	71	18	28	28	29	0	17	16	283	17	20	0	29	13	35	460	12	15	17	13	7	80
125	42838at6656	2	86	1	21	1	6	8	3	0	2	0	0	7	6	0	4	0	0	3	0	5	5	4	0	3	0	1	0	4	18	4	0	2	17	4	3	8	5	21	1	13	0	0	0	2	4	25	27	58	1	4	9	0	6	20	1	7	0	0	0	0	1	0	0	1	0	0	0	0	4	0	0	0	1	0	1	0	1	22	1	0	2	1	2	2	15	60	9	20	4	1	2	4	0	7	0	3	10	2	22	0	1	6	6	43	3	8	19	1	4	9	18	5	0	15	3	4	3	0	11	1	7	10	22	12	16	5	0	8	5	28	1	23	0	0	1	16	2	5	12	9	0	5	1	13	2	1	11	1	8	52	6	8	0	27	12	2	3	10	0	13	2	3	4	0	0	74	23	1	0
170	47035at6656	19	23	43	42	27	22	38	27	24	10	31	26	11	27	22	28	29	28	13	28	28	58	19	24	15	11	34	30	28	34	48	23	27	19	66	25	13	11	60	14	22	41	11	19	31	20	26	60	13	24	11	11	33	21	14	25	17	25	35	33	19	23	24	32	28	30	18	25	21	27	22	31	28	33	22	29	26	18	12	24	13	3	10	46	13	20	28	23	47	11	13	13	17	16	66	21	26	41	40	74	8	63	24	11	25	6	33	24	12	33	44	28	33	13	33	19	22	21	25	7	17	34	53	21	18	32	31	26	15	46	33	10	35	44	11	29	5	23	58	40	37	8	17	34	25	19	13	54	55	31	71	36	22	9	49	41	16	85	10	6	18	16	46	19	11	8	31	52	34	25
85	47902at6656	0	32	0	1	0	0	0	0	0	0	0	0	0	1	0	0	0	0	0	0	0	1	18	0	1	0	2	2	0	5	18	0	4	3	6	2	4	1	1	2	0	0	0	1	1	0	1	11	8	2	7	14	0	8	3	0	3	1	0	0	0	0	0	0	0	0	0	0	0	0	0	0	0	0	0	0	0	0	0	0	0	0	0	10	3	69	20	0	16	0	1	1	0	0	1	0	1	5	1	19	1	9	0	3	6	0	0	0	0	5	2	1	0	19	0	14	4	0	8	1	4	0	1	14	2	6	1	0	1	0	0	2	0	2	0	0	16	2	0	1	1	0	0	1	1	1	0	2	39	8	4	12	14	0	3	3	1	0	2	4	0	0	0	5	0	0	10	2	0	1
77	48070at6656	1	121	5	1	2	1	3	0	0	0	0	0	0	0	0	0	0	0	0	0	0	1	34	0	0	1	4	0	0	5	14	0	0	0	8	0	6	1	0	1	0	0	0	0	0	2	1	2	3	0	29	31	1	14	0	0	12	0	0	0	0	0	0	0	0	0	0	0	0	0	1	1	0	3	1	0	1	0	9	0	0	0	5	0	11	34	33	143	3	0	0	0	0	0	0	2	0	0	0	8	0	0	5	1	3	0	0	0	0	5	0	0	1	10	0	33	4	0	2	0	15	7	0	61	41	4	0	1	24	0	1	0	2	4	0	3	0	0	0	0	5	0	0	0	0	0	0	3	13	6	4	1	41	0	5	0	0	0	9	2	1	1	1	3	1	0	9	5	0	0
162	53444at6656	5	12	9	9	44	15	19	6	9	5	6	7	9	6	8	7	8	7	6	7	6	41	8	6	13	5	14	13	10	46	15	9	33	6	53	9	5	3	0	7	4	15	2	8	1	7	7	13	6	12	19	11	14	6	9	9	9	26	30	29	19	20	20	26	29	18	16	26	14	21	21	31	25	35	20	31	29	4	3	8	5	18	3	16	4	3	0	10	4	4	3	4	7	4	32	12	25	65	36	17	9	0	9	7	6	1	31	23	0	6	23	18	3	5	30	2	7	5	27	3	2	4	17	8	11	6	22	31	12	18	17	14	9	8	4	7	1	23	26	19	0	3	6	13	15	5	6	22	24	6	28	8	7	1	5	35	0	24	12	51	4	6	25	5	0	0	6	7	15	7
73	53491at6656	0	53	0	0	0	0	0	0	0	0	0	0	0	0	0	2	2	0	0	0	0	4	11	0	1	0	0	0	0	0	68	1	0	12	12	2	2	0	67	0	3	0	0	0	1	0	0	0	4	3	1	0	0	0	1	0	17	0	0	0	0	0	0	0	0	0	0	0	0	0	0	0	0	0	0	0	0	12	0	4	0	0	0	0	1	7	5	12	14	2	0	0	2	3	3	1	0	1	0	16	0	4	53	3	2	6	5	20	4	1	3	0	1	0	2	0	7	2	0	4	0	2	0	35	37	0	0	3	0	8	22	3	0	0	0	0	4	0	0	18	26	0	2	1	2	1	0	0	0	1	1	2	37	0	3	1	60	0	0	0	0	0	3	0	0	0	3	0	0	2
92	54009at6656	0	63	1	0	0	1	2	0	0	0	0	0	0	0	0	1	0	0	0	0	0	7	26	1	0	1	2	0	0	2	9	0	1	3	4	1	8	2	8	0	3	0	0	1	0	0	1	0	5	0	14	7	0	5	1	3	8	0	0	0	0	0	0	0	0	0	0	0	2	0	0	0	0	5	0	0	0	1	0	0	3	0	0	0	0	21	4	11	2	0	0	0	0	0	0	2	0	0	2	3	2	4	4	8	3	1	5	3	2	4	6	2	0	18	3	6	3	0	8	1	9	6	1	42	23	3	0	2	0	0	2	2	2	0	0	0	3	2	1	1	8	1	0	2	1	4	0	0	0	2	8	1	6	0	2	2	4	0	0	0	0	1	9	0	1	1	8	1	1	1
91	55968at6656	13	175	0	0	0	2	1	0	0	0	0	0	0	0	0	0	0	0	0	0	0	33	86	0	1	4	0	0	1	14	9	0	0	32	24	3	3	0	38	4	1	0	0	0	1	1	1	0	39	0	0	3	0	14	1	31	24	0	0	1	0	0	0	1	0	0	0	0	0	0	0	0	0	1	0	0	0	1	76	0	0	0	2	10	1	10	0	1	79	2	4	6	0	0	2	7	0	8	3	36	0	8	40	22	26	0	12	1	0	29	3	1	0	25	0	7	0	0	0	1	16	22	2	96	65	24	3	0	20	12	20	20	0	7	0	2	5	0	0	0	18	0	0	0	0	48	0	0	1	34	3	2	61	0	40	3	24	1	8	21	1	20	13	5	0	0	84	48	0	0
58	58159at6656	0	38	1	1	0	0	0	0	0	0	0	0	0	0	0	0	0	0	0	0	0	0	3	0	2	0	2	0	1	2	34	0	1	6	0	0	1	2	1	0	0	1	0	0	0	1	1	2	1	0	0	0	0	0	0	1	1	0	0	0	0	1	0	0	0	0	0	0	0	1	0	0	0	0	0	0	0	0	0	0	0	0	0	0	0	18	6	0	16	0	0	0	0	0	1	0	0	0	1	14	0	0	11	55	16	0	1	4	0	0	0	0	2	0	3	0	1	0	0	1	0	2	0	27	4	3	0	0	0	0	8	0	1	0	0	0	3	2	0	0	0	0	2	0	0	2	0	0	4	0	8	0	13	0	3	4	0	1	0	0	0	3	0	1	0	0	6	3	0	0
124	60256at6656	1	109	2	170	2	1	2	0	1	0	1	0	0	1	0	2	0	0	0	0	1	0	3	0	0	0	3	1	3	2	4	67	4	21	37	1	2	2	3	0	3	2	0	1	2	5	8	4	5	6	59	19	0	13	0	2	2	4	0	0	0	1	0	0	0	1	0	0	0	0	0	0	0	0	0	2	0	1	5	9	4	2	0	3	2	16	5	5	27	3	2	1	1	0	6	1	2	4	1	6	1	1	16	9	206	1	3	13	0	1	9	3	0	58	17	11	5	8	1	1	3	3	2	23	1	9	2	1	3	11	2	4	17	5	2	1	3	1	0	2	5	0	1	0	4	4	1	10	11	1	4	2	12	3	4	1	22	1	143	0	2	1	0	3	0	0	7	6	0	0
72	62037at6656	0	88	1	0	0	0	0	0	0	0	0	0	0	0	0	0	0	0	0	0	0	9	6	0	0	0	1	4	0	2	44	1	1	20	1	1	0	1	46	0	1	0	0	0	0	0	1	1	1	2	0	0	1	0	1	1	16	0	0	0	0	0	0	0	0	0	0	0	0	0	0	0	0	0	0	0	0	3	4	0	0	0	1	0	0	5	19	4	11	3	0	0	0	3	1	0	0	1	0	21	1	1	17	7	3	16	7	14	28	0	1	0	0	0	1	2	3	0	2	7	3	1	0	37	43	0	0	2	0	22	27	2	0	0	0	0	2	1	0	12	35	0	0	0	0	0	0	0	0	0	1	1	63	2	4	1	37	0	0	0	0	0	2	0	0	0	0	0	0	1
91	69443at6656	0	269	0	0	1	4	4	0	0	1	0	0	0	0	0	3	0	0	0	0	0	14	61	0	6	0	3	1	0	5	27	6	2	15	23	8	1	9	21	0	0	0	0	1	0	0	6	3	9	9	16	1	1	2	3	0	91	0	0	0	0	0	0	0	0	0	0	0	0	0	0	0	0	0	0	0	0	1	10	0	0	0	1	14	0	2	18	78	38	0	0	0	0	3	2	0	1	4	0	40	0	2	5	12	6	17	12	15	29	1	5	0	0	0	4	32	2	0	3	2	4	2	0	131	169	8	4	3	2	0	23	2	3	8	1	2	11	0	0	0	20	0	1	1	0	0	0	0	0	3	7	5	152	0	23	6	29	0	1	0	0	0	0	1	1	1	3	0	0	1
9	77273at6656	0	0	0	0	0	0	0	0	0	0	0	0	0	0	0	0	0	0	0	0	0	0	0	0	0	0	0	0	0	0	1	1	0	0	0	0	0	0	0	0	0	0	0	0	0	0	0	0	0	0	0	0	0	1	0	0	0	32	0	0	0	0	9	0	0	0	0	0	7	0	0	0	0	0	23	0	0	0	0	0	0	0	0	0	0	0	0	0	0	0	0	0	0	0	0	0	0	0	0	0	0	0	0	0	1	0	0	0	0	0	0	1	0	0	0	0	0	0	0	0	0	0	0	0	0	0	0	0	0	0	0	0	0	0	0	0	0	0	0	0	0	0	0	0	0	0	0	0	0	0	0	0	0	0	0	0	0	0	0	0	0	0	0	0	0	0	0	0	0	0
112	82039at6656	1	67	7	3	0	0	23	2	0	0	2	1	2	3	0	6	0	1	0	0	1	18	7	0	3	0	21	3	0	6	11	0	7	46	8	2	6	6	6	3	0	13	0	4	0	0	3	1	19	1	1	2	1	7	0	0	18	0	0	2	0	0	0	0	2	1	1	1	0	0	3	0	0	3	1	0	0	0	6	0	0	0	2	5	4	33	0	61	9	0	1	1	0	0	1	5	1	3	5	25	6	3	35	1	15	0	5	5	0	9	6	12	2	8	6	9	0	0	11	1	0	9	8	24	26	14	3	0	1	0	5	6	11	5	6	0	0	6	3	2	10	0	8	5	29	2	0	0	0	6	216	0	9	0	13	15	10	5	0	1	1	3	4	0	0	0	20	6	9	0
103	83086at6656	0	27	0	0	1	1	2	0	0	0	0	0	0	0	0	0	1	0	0	0	0	4	7	0	4	0	1	0	0	0	22	4	0	57	8	0	1	0	5	2	2	1	0	2	2	0	0	1	1	4	0	0	5	1	0	9	16	2	1	1	1	1	1	1	1	1	1	1	1	1	1	1	1	1	1	1	1	4	1	5	8	1	0	3	0	1	0	130	23	8	2	3	9	13	1	5	0	3	1	224	2	5	42	0	0	0	6	5	1	1	0	0	0	0	1	0	15	12	1	22	0	0	0	21	21	0	2	1	5	3	6	0	2	1	2	1	1	1	1	1	1	0	0	0	0	0	11	0	0	8	5	1	35	0	1	4	9	0	0	0	0	1	0	0	0	0	0	0	0	0
109	84291at6656	0	112	0	3	0	1	1	1	0	1	0	0	1	0	0	0	0	0	1	0	1	0	8	0	0	0	1	2	1	1	7	57	1	23	17	0	6	2	6	3	0	0	0	0	0	1	6	0	2	0	151	29	0	0	3	2	2	0	0	0	0	0	0	0	1	0	0	0	0	0	0	0	0	1	0	0	0	0	13	2	6	3	5	1	1	10	3	75	18	0	0	2	0	2	7	1	0	8	1	22	3	3	12	1	78	1	2	3	7	0	3	1	1	34	8	5	2	2	0	1	4	2	0	58	0	1	2	1	2	4	0	3	1	6	1	1	2	0	1	5	2	2	5	1	0	5	1	0	4	7	7	17	18	5	2	2	49	1	24	2	10	1	1	1	0	0	7	5	0	0
149	87840at6656	5	59	3	0	1	1	15	1	1	2	1	0	1	2	1	6	1	1	1	1	1	8	20	1	2	1	9	3	0	4	222	29	11	110	18	2	4	6	40	4	4	2	0	3	1	0	0	4	13	9	0	0	0	10	2	8	13	1	1	1	1	1	1	1	1	1	1	1	1	1	1	1	1	1	1	1	1	10	12	16	13	2	0	18	0	4	1	34	27	27	1	4	8	13	5	5	0	8	7	406	5	3	89	1	4	9	31	18	4	3	24	1	2	4	6	7	16	16	16	12	5	5	3	30	22	1	2	3	28	26	71	4	3	4	4	0	10	8	2	13	11	1	1	6	1	1	7	0	0	18	25	5	56	0	11	24	49	2	3	0	0	3	1	0	0	0	6	3	4	7
95	89008at6656	0	29	15	1	0	6	12	0	0	0	0	0	2	1	0	0	0	0	1	0	0	32	5	0	2	0	5	0	4	1	127	0	2	10	5	0	2	0	9	0	0	0	2	1	0	0	4	6	4	7	0	16	1	5	6	1	4	0	0	0	0	0	0	0	0	0	0	0	0	0	0	0	0	0	0	0	0	4	1	0	0	0	1	2	1	6	0	29	9	0	0	0	0	1	1	1	3	4	5	73	4	1	37	1	6	0	30	9	1	1	2	0	0	0	3	2	2	3	6	0	2	4	0	21	15	5	2	1	12	0	14	3	3	0	1	0	9	0	1	2	12	1	2	4	3	0	0	0	0	6	3	2	10	0	6	18	3	0	0	0	0	0	1	2	0	0	14	1	1	1
84	90795at6656	0	54	1	1	0	1	0	0	0	0	0	0	0	1	0	5	0	0	0	0	0	6	19	0	0	1	0	0	0	3	17	0	2	29	17	0	3	5	0	0	2	0	0	2	0	0	0	5	2	0	42	5	4	3	0	1	7	0	0	0	0	0	0	0	0	0	0	0	0	0	0	0	0	1	0	0	0	1	3	0	0	0	0	2	0	7	0	0	23	2	0	0	2	0	0	4	1	7	5	2	0	1	49	10	0	2	2	4	0	3	3	1	0	4	3	12	0	0	4	28	5	2	0	47	6	0	0	4	0	0	7	1	8	6	1	3	0	6	0	2	2	0	5	2	14	2	0	0	0	2	3	0	19	0	14	3	5	0	1	1	0	1	3	1	0	0	6	3	0	0
142	91507at6656	91	1	12	11	13	3	12	14	11	10	10	6	14	16	11	18	23	12	13	7	15	41	1	45	6	74	10	13	6	3	3	58	16	0	0	88	24	0	1	16	36	9	13	0	11	24	19	32	56	10	0	0	11	37	6	124	1	12	14	12	7	13	13	14	13	12	8	11	12	9	10	13	14	18	9	14	13	16	0	44	1	0	0	0	57	0	0	2	4	5	8	8	6	22	44	116	14	12	12	0	0	0	0	48	27	0	10	1	0	55	17	12	17	14	14	27	50	18	7	3	39	83	14	0	5	59	8	10	13	15	24	76	11	0	16	0	2	7	11	10	0	3	3	12	11	73	23	35	47	54	14	24	5	0	72	11	1	11	0	0	0	69	33	56	0	0	102	105	11	10
125	93641at6656	7	90	1	0	0	2	2	0	1	0	0	0	3	3	0	5	0	1	0	0	0	32	15	1	1	3	1	2	0	1	81	12	1	8	18	4	20	7	13	4	1	3	0	3	0	0	4	0	11	3	0	15	0	4	2	17	1	2	1	0	0	0	0	1	0	0	1	0	0	0	0	1	0	0	0	1	0	6	3	1	4	0	5	5	2	12	2	20	31	1	0	0	2	3	7	15	12	29	0	96	5	3	29	143	52	6	7	20	3	2	20	0	2	9	22	16	10	17	18	37	0	2	2	21	7	2	2	1	15	32	31	12	16	1	0	5	11	1	0	2	9	0	1	2	1	3	2	1	0	4	5	14	27	0	14	3	153	3	36	5	0	18	6	1	0	2	36	5	2	4
95	94167at6656	0	118	0	2	0	2	1	0	1	0	0	0	0	0	0	1	0	0	0	0	0	0	1	0	0	0	0	0	1	0	1	1	1	38	18	1	1	0	0	4	0	0	0	0	0	13	9	0	3	0	6	62	1	11	7	0	2	0	0	0	0	0	0	0	1	0	0	0	0	1	0	0	0	0	0	0	0	0	2	1	2	0	1	2	0	2	7	7	2	3	3	1	2	0	4	1	1	38	3	19	4	1	13	0	33	0	1	1	0	0	5	0	2	26	11	1	1	0	2	0	3	1	1	29	2	10	5	0	16	2	7	2	22	7	0	1	2	1	2	6	0	0	2	0	2	2	0	1	9	15	2	0	26	0	4	7	2	2	0	2	1	2	0	6	0	0	9	2	0	0
91	94341at6656	0	76	1	0	0	1	15	0	0	1	3	0	0	0	0	0	2	2	1	0	2	17	45	0	0	0	0	0	0	2	82	2	11	32	51	0	0	10	3	0	3	0	0	5	0	0	0	0	0	2	0	0	2	11	2	0	37	0	0	1	0	0	0	0	0	0	0	0	0	0	0	0	0	0	0	0	0	2	6	1	0	0	0	15	3	14	0	79	15	1	1	1	1	3	1	0	3	2	16	122	0	4	41	11	5	0	21	3	0	1	8	2	2	7	3	1	4	0	6	4	0	0	1	75	45	0	1	0	7	1	13	1	13	1	0	6	0	6	2	9	11	1	0	13	7	0	0	0	0	2	6	0	92	0	0	11	9	1	2	1	0	0	5	0	0	0	0	1	0	3
102	94703at6656	0	0	23	20	1	1	1	34	43	24	25	15	25	19	24	12	46	17	26	84	17	8	0	0	0	0	17	15	1	0	1	0	1	1	5	0	0	4	10	1	0	11	0	1	0	1	0	79	0	1	1	1	1	0	0	0	0	25	27	22	75	23	11	18	17	41	42	10	21	30	20	66	28	43	33	42	11	0	1	0	0	1	2	17	0	0	0	0	0	4	6	4	4	0	0	0	0	1	2	1	1	3	1	0	0	2	10	0	8	0	1	25	1	0	1	0	0	0	1	0	0	0	29	0	0	0	0	0	0	0	3	0	1	2	0	0	0	1	1	1	7	0	1	1	1	0	0	1	2	0	14	0	0	0	0	1	15	41	3	0	2	0	4	0	0	0	0	0	63	1
69	95836at6656	27	93	0	0	0	0	0	0	0	0	0	0	0	0	0	0	0	0	0	0	0	9	3	0	1	6	0	0	0	0	6	0	0	13	10	6	2	0	1	6	0	0	0	0	0	0	9	0	20	0	3	1	0	20	0	4	3	0	0	0	0	0	0	0	0	0	0	0	0	0	0	0	0	0	0	0	0	0	23	0	0	0	0	2	2	3	0	6	19	0	0	1	4	0	0	9	0	0	0	22	0	1	21	8	21	0	3	0	1	6	0	0	0	0	1	3	1	0	0	0	16	6	0	22	1	23	13	0	17	1	9	13	1	9	3	0	2	0	0	4	5	0	2	0	0	18	0	1	1	39	0	0	12	0	31	0	0	0	5	2	0	20	0	1	0	0	20	20	0	0
89	96081at6656	0	92	0	0	0	0	0	0	0	0	0	0	0	0	0	0	0	0	0	0	0	1	25	0	0	0	1	1	1	2	0	0	0	26	1	1	4	2	1	5	1	1	0	0	0	0	0	1	1	1	60	15	0	4	0	0	10	0	0	1	1	0	0	0	0	1	1	0	1	0	0	1	0	2	1	1	0	1	1	0	0	0	1	2	1	10	5	17	2	0	0	0	0	0	0	2	0	0	0	2	1	4	7	12	7	7	1	2	0	1	0	2	0	4	2	15	0	1	2	3	2	1	2	43	25	1	0	1	0	2	1	6	0	18	0	1	0	0	0	0	1	0	1	0	0	0	0	0	1	2	8	2	48	1	5	2	1	0	12	1	1	0	0	2	0	0	3	6	1	0
81	97696at6656	0	75	3	1	1	0	7	0	0	0	0	0	0	0	0	0	0	0	0	0	0	2	9	0	0	0	2	0	4	2	51	0	3	13	22	0	4	7	4	0	0	0	0	3	1	2	0	4	0	1	0	2	0	1	0	0	0	0	0	0	0	0	0	0	0	0	0	0	0	0	0	0	0	0	0	0	0	0	19	0	1	0	0	4	0	43	1	44	24	4	0	9	6	0	3	0	4	2	5	119	3	0	4	1	1	0	2	6	0	0	3	0	1	1	3	0	2	1	5	2	0	0	0	60	5	0	0	0	12	12	16	0	3	1	0	0	3	1	1	1	2	2	4	3	3	0	0	4	5	1	3	3	26	0	0	24	7	1	0	0	0	0	0	0	1	1	0	0	1	0
109	97817at6656	0	65	0	5	0	3	5	0	0	0	0	0	0	0	1	1	0	0	0	1	0	6	12	0	2	0	2	1	1	5	18	26	6	18	22	3	4	0	28	0	5	1	0	0	5	5	1	0	9	3	9	7	1	7	4	0	0	0	0	0	1	0	0	0	0	0	0	0	2	2	1	0	0	1	0	0	1	2	1	0	2	2	0	7	10	2	3	0	15	2	0	1	0	1	8	2	3	18	2	15	9	6	7	1	13	0	3	9	0	14	3	0	0	2	6	1	1	0	2	10	1	4	1	56	0	11	0	1	2	19	13	0	6	1	1	0	1	2	1	3	19	0	0	8	6	1	1	0	4	34	18	15	19	0	19	4	18	0	3	2	0	0	3	1	1	0	3	3	0	0
93	97889at6656	1	35	3	2	0	1	4	2	2	2	2	1	2	2	2	2	2	2	2	2	2	3	13	0	1	0	1	0	1	8	0	0	0	19	42	0	1	5	2	0	0	0	0	0	0	0	0	4	4	0	4	3	1	2	7	0	0	1	0	1	1	0	1	1	0	1	1	1	1	1	1	0	1	0	1	1	1	0	12	0	0	0	0	0	0	16	0	67	4	1	1	1	1	0	0	1	0	7	4	0	0	8	3	11	8	0	3	6	0	0	0	0	0	7	1	0	0	0	1	0	1	0	1	16	2	1	0	0	0	0	1	0	3	1	0	0	1	0	0	0	2	0	0	0	0	0	0	1	1	0	0	0	27	0	7	4	0	1	0	0	0	0	1	1	0	0	7	5	0	0
